entity_name,entity_type,salty,umami,sweet,sour,bitter,notes
bakery products,ingredient,0.0,1.0,1.0,0.0,1.0,"Category: Bakery, Molecules: 6"
bread,ingredient,0.0,1.0,1.0,1.0,1.0,"Category: Bakery, Molecules: 129"
rye bread,ingredient,0.0,1.0,1.0,1.0,1.0,"Category: Bakery, Molecules: 30"
wheaten bread,ingredient,0.0,1.0,1.0,1.0,1.0,"Category: Bakery, Molecules: 30"
white bread,ingredient,0.0,1.0,1.0,1.0,1.0,"Category: Bakery, Molecules: 13"
wholewheat bread,ingredient,0.8,1.0,1.0,1.0,1.0,"Category: Bakery, Molecules: 58"
wort,ingredient,0.0,1.0,1.0,1.0,1.0,"Category: Beverage, Molecules: 63"
arrack,ingredient,0.0,0.0,1.0,1.0,1.0,"Category: Beverage Alcoholic, Molecules: 5"
beer,ingredient,0.0,1.0,1.0,1.0,1.0,"Category: Beverage Alcoholic, Molecules: 263"
bantu beer,ingredient,0.0,1.0,1.0,1.0,1.0,"Category: Beverage Alcoholic, Molecules: 13"
brandy,ingredient,0.0,1.0,1.0,1.0,1.0,"Category: Beverage Alcoholic, Molecules: 50"
anise brandy,ingredient,0.0,1.0,1.0,1.0,1.0,"Category: Beverage Alcoholic, Molecules: 51"
apple brandy,ingredient,0.8,1.0,1.0,1.0,1.0,"Category: Beverage Alcoholic, Molecules: 74"
armagnac brandy,ingredient,0.0,1.0,1.0,1.0,1.0,"Category: Beverage Alcoholic, Molecules: 51"
blackberry brandy,ingredient,0.0,1.0,1.0,1.0,1.0,"Category: Beverage Alcoholic, Molecules: 51"
cherry brandy,ingredient,0.0,1.0,1.0,1.0,1.0,"Category: Beverage Alcoholic, Molecules: 52"
cognac brandy,ingredient,0.8,1.0,1.0,1.0,1.0,"Category: Beverage Alcoholic, Molecules: 204"
papaya brandy,ingredient,0.0,1.0,1.0,1.0,1.0,"Category: Beverage Alcoholic, Molecules: 51"
pear brandy,ingredient,0.8,1.0,1.0,1.0,1.0,"Category: Beverage Alcoholic, Molecules: 64"
plum brandy,ingredient,0.0,1.0,1.0,1.0,1.0,"Category: Beverage Alcoholic, Molecules: 75"
raspberry brandy,ingredient,0.0,1.0,1.0,1.0,1.0,"Category: Beverage Alcoholic, Molecules: 52"
weinbrand brandy,ingredient,0.0,1.0,1.0,1.0,1.0,"Category: Beverage Alcoholic, Molecules: 53"
gin,ingredient,0.0,1.0,1.0,1.0,1.0,"Category: Beverage Alcoholic, Molecules: 17"
rum,ingredient,0.0,1.0,1.0,1.0,1.0,"Category: Beverage Alcoholic, Molecules: 195"
whisky,ingredient,0.8,1.0,1.0,1.0,1.0,"Category: Beverage Alcoholic, Molecules: 108"
bourbon whisky,ingredient,0.8,1.0,1.0,1.0,1.0,"Category: Beverage Alcoholic, Molecules: 114"
canadian whisky,ingredient,0.8,1.0,1.0,1.0,1.0,"Category: Beverage Alcoholic, Molecules: 105"
finnish whisky,ingredient,0.8,1.0,1.0,1.0,1.0,"Category: Beverage Alcoholic, Molecules: 112"
japanese whisky,ingredient,0.8,1.0,1.0,1.0,1.0,"Category: Beverage Alcoholic, Molecules: 111"
malt whisky,ingredient,0.8,1.0,1.0,1.0,1.0,"Category: Beverage Alcoholic, Molecules: 133"
scotch whisky,ingredient,0.8,1.0,1.0,1.0,1.0,"Category: Beverage Alcoholic, Molecules: 123"
wine,ingredient,0.8,1.0,1.0,1.0,1.0,"Category: Beverage Alcoholic, Molecules: 155"
bilberry wine,ingredient,0.8,1.0,1.0,1.0,1.0,"Category: Beverage Alcoholic, Molecules: 130"
botrytized wine,ingredient,0.8,1.0,1.0,1.0,1.0,"Category: Beverage Alcoholic, Molecules: 133"
champagne,ingredient,0.8,1.0,1.0,1.0,1.0,"Category: Beverage Alcoholic, Molecules: 128"
cider,ingredient,0.0,1.0,1.0,1.0,1.0,"Category: Beverage Alcoholic, Molecules: 87"
plum wine,ingredient,0.8,1.0,1.0,1.0,1.0,"Category: Beverage Alcoholic, Molecules: 129"
port wine,ingredient,0.8,1.0,1.0,1.0,1.0,"Category: Beverage Alcoholic, Molecules: 142"
red wine,ingredient,0.8,1.0,1.0,1.0,1.0,"Category: Beverage Alcoholic, Molecules: 167"
rose wine,ingredient,0.8,1.0,1.0,1.0,1.0,"Category: Beverage Alcoholic, Molecules: 134"
sake,ingredient,0.0,1.0,1.0,1.0,1.0,"Category: Beverage Alcoholic, Molecules: 35"
sherry,ingredient,0.8,1.0,1.0,1.0,1.0,"Category: Beverage Alcoholic, Molecules: 184"
sparkling wine,ingredient,0.8,1.0,1.0,1.0,1.0,"Category: Beverage Alcoholic, Molecules: 142"
strawberry wine,ingredient,0.8,1.0,1.0,1.0,1.0,"Category: Beverage Alcoholic, Molecules: 132"
white wine,ingredient,0.8,1.0,1.0,1.0,1.0,"Category: Beverage Alcoholic, Molecules: 225"
coffee,ingredient,0.0,1.0,1.0,1.0,1.0,"Category: Beverage Caffeinated, Molecules: 269"
mate,ingredient,0.0,1.0,1.0,1.0,1.0,"Category: Beverage Caffeinated, Molecules: 51"
black tea,ingredient,0.8,1.0,1.0,1.0,1.0,"Category: Beverage Caffeinated, Molecules: 85"
green tea,ingredient,0.0,1.0,1.0,1.0,1.0,"Category: Beverage Caffeinated, Molecules: 35"
roibos tea,ingredient,0.0,1.0,1.0,1.0,1.0,"Category: Beverage Caffeinated, Molecules: 13"
barley,ingredient,0.0,1.0,1.0,1.0,1.0,"Category: Cereal, Molecules: 141"
crispbread,ingredient,0.0,1.0,1.0,1.0,1.0,"Category: Cereal, Molecules: 23"
malt,ingredient,0.0,1.0,1.0,1.0,1.0,"Category: Cereal, Molecules: 107"
oats,ingredient,0.8,1.0,1.0,1.0,1.0,"Category: Cereal, Molecules: 170"
rice,ingredient,0.8,1.0,1.0,1.0,1.0,"Category: Cereal, Molecules: 199"
corn,ingredient,0.8,1.0,1.0,1.0,1.0,"Category: Maize, Molecules: 200"
corn oil,ingredient,0.8,1.0,1.0,1.0,1.0,"Category: Maize, Molecules: 46"
popcorn,ingredient,0.0,1.0,1.0,1.0,1.0,"Category: Maize, Molecules: 37"
sweetcorn,ingredient,0.0,1.0,1.0,1.0,1.0,"Category: Maize, Molecules: 36"
butter,ingredient,0.0,1.0,1.0,1.0,1.0,"Category: Dairy, Molecules: 131"
buttermilk,ingredient,0.0,1.0,1.0,1.0,1.0,"Category: Dairy, Molecules: 16"
cheese,ingredient,0.8,1.0,1.0,1.0,1.0,"Category: Dairy, Molecules: 117"
blue cheese,ingredient,0.8,1.0,1.0,1.0,1.0,"Category: Dairy, Molecules: 155"
camembert cheese,ingredient,0.8,1.0,1.0,1.0,1.0,"Category: Dairy, Molecules: 132"
cheddar cheese,ingredient,0.8,1.0,1.0,1.0,1.0,"Category: Dairy, Molecules: 148"
comte cheese,ingredient,0.8,1.0,1.0,1.0,1.0,"Category: Dairy, Molecules: 126"
cottage cheese,ingredient,0.8,1.0,1.0,1.0,1.0,"Category: Dairy, Molecules: 117"
cream cheese,ingredient,0.8,1.0,1.0,1.0,1.0,"Category: Dairy, Molecules: 116"
domiati cheese,ingredient,0.8,1.0,1.0,1.0,1.0,"Category: Dairy, Molecules: 114"
emmental cheese,ingredient,0.8,1.0,1.0,1.0,1.0,"Category: Dairy, Molecules: 114"
feta cheese,ingredient,0.8,1.0,1.0,1.0,1.0,"Category: Dairy, Molecules: 116"
goat cheese,ingredient,0.8,1.0,1.0,1.0,1.0,"Category: Dairy, Molecules: 117"
gruyere cheese,ingredient,0.8,1.0,1.0,1.0,1.0,"Category: Dairy, Molecules: 146"
limburger cheese,ingredient,0.8,1.0,1.0,1.0,1.0,"Category: Dairy, Molecules: 116"
mozzarella cheese,ingredient,0.8,1.0,1.0,1.0,1.0,"Category: Dairy, Molecules: 120"
munster cheese,ingredient,0.8,1.0,1.0,1.0,1.0,"Category: Dairy, Molecules: 113"
other cheeses,ingredient,0.8,1.0,1.0,1.0,1.0,"Category: Dairy, Molecules: 128"
parmesan cheese,ingredient,0.8,1.0,1.0,1.0,1.0,"Category: Dairy, Molecules: 165"
provolone cheese,ingredient,0.8,1.0,1.0,1.0,1.0,"Category: Dairy, Molecules: 125"
romano cheese,ingredient,0.8,1.0,1.0,1.0,1.0,"Category: Dairy, Molecules: 121"
roquefort cheese,ingredient,0.8,1.0,1.0,1.0,1.0,"Category: Dairy, Molecules: 114"
russian cheese,ingredient,0.8,1.0,1.0,1.0,1.0,"Category: Dairy, Molecules: 122"
sheep cheese,ingredient,0.8,1.0,1.0,1.0,1.0,"Category: Dairy, Molecules: 116"
swiss cheese,ingredient,0.8,1.0,1.0,1.0,1.0,"Category: Dairy, Molecules: 140"
tilsit cheese,ingredient,0.8,1.0,1.0,1.0,1.0,"Category: Dairy, Molecules: 114"
dairy products,ingredient,0.0,1.0,1.0,0.0,1.0,"Category: Dairy, Molecules: 11"
ghee,ingredient,0.0,0.0,0.0,0.0,0.0,"Category: Dairy, Molecules: 1"
milk,ingredient,0.0,1.0,1.0,1.0,1.0,"Category: Dairy, Molecules: 111"
milk fat,ingredient,0.0,1.0,1.0,1.0,1.0,"Category: Dairy, Molecules: 28"
goat milk,ingredient,0.0,0.0,1.0,0.0,0.0,"Category: Dairy, Molecules: 4"
milk powder,ingredient,0.8,1.0,1.0,1.0,1.0,"Category: Dairy, Molecules: 24"
sheep milk,ingredient,0.0,0.0,1.0,0.0,0.0,"Category: Dairy, Molecules: 3"
skimmed milk,ingredient,0.0,1.0,1.0,0.0,0.0,"Category: Dairy, Molecules: 5"
yogurt,ingredient,0.0,1.0,1.0,1.0,1.0,"Category: Dairy, Molecules: 31"
achilleas,ingredient,0.0,0.0,1.0,0.0,0.0,"Category: Essential Oil, Molecules: 1"
arar,ingredient,0.0,1.0,1.0,1.0,1.0,"Category: Essential Oil, Molecules: 13"
buchu,ingredient,0.0,1.0,1.0,1.0,1.0,"Category: Essential Oil, Molecules: 27"
cajeput,ingredient,0.0,1.0,1.0,1.0,1.0,"Category: Essential Oil, Molecules: 6"
camphor,ingredient,0.0,1.0,1.0,1.0,1.0,"Category: Essential Oil, Molecules: 13"
cascarilla,ingredient,0.0,0.0,0.0,1.0,0.0,"Category: Essential Oil, Molecules: 2"
cedar,ingredient,0.0,0.0,0.0,0.0,1.0,"Category: Essential Oil, Molecules: 1"
chamomile,ingredient,0.0,1.0,1.0,1.0,1.0,"Category: Essential Oil, Molecules: 187"
citronella,ingredient,0.0,1.0,1.0,1.0,1.0,"Category: Essential Oil, Molecules: 24"
citrus peel oil,ingredient,0.0,1.0,1.0,1.0,1.0,"Category: Essential Oil, Molecules: 57"
eucalyptus,ingredient,0.0,1.0,1.0,1.0,1.0,"Category: Essential Oil, Molecules: 43"
fir,ingredient,0.0,0.0,1.0,0.0,0.0,"Category: Essential Oil, Molecules: 2"
geranium,ingredient,0.0,1.0,1.0,1.0,1.0,"Category: Essential Oil, Molecules: 25"
grapefruit peel oil,ingredient,0.0,1.0,1.0,1.0,1.0,"Category: Essential Oil, Molecules: 13"
grass,ingredient,0.0,1.0,1.0,0.0,0.0,"Category: Essential Oil, Molecules: 2"
hops oil,ingredient,0.8,1.0,1.0,1.0,1.0,"Category: Essential Oil, Molecules: 108"
hyacinth,ingredient,0.0,1.0,1.0,1.0,1.0,"Category: Essential Oil, Molecules: 11"
hyssop oil,ingredient,0.8,1.0,1.0,1.0,1.0,"Category: Essential Oil, Molecules: 162"
lemon grass,ingredient,0.0,1.0,1.0,1.0,1.0,"Category: Essential Oil, Molecules: 121"
lemon peel oil,ingredient,0.8,1.0,1.0,1.0,1.0,"Category: Essential Oil, Molecules: 36"
lime peel oil,ingredient,0.0,1.0,1.0,1.0,1.0,"Category: Essential Oil, Molecules: 16"
lovage,ingredient,0.0,1.0,1.0,1.0,1.0,"Category: Essential Oil, Molecules: 164"
mandarin orange peel oil,ingredient,0.0,1.0,1.0,1.0,1.0,"Category: Essential Oil, Molecules: 23"
mastic gum,ingredient,0.0,1.0,1.0,1.0,1.0,"Category: Essential Oil, Molecules: 49"
mentha oil,ingredient,0.0,1.0,1.0,1.0,1.0,"Category: Essential Oil, Molecules: 42"
myrrh,ingredient,0.0,0.0,1.0,1.0,1.0,"Category: Essential Oil, Molecules: 3"
neroli oil,ingredient,0.0,0.0,1.0,1.0,1.0,"Category: Essential Oil, Molecules: 15"
orange oil,ingredient,0.0,1.0,1.0,1.0,1.0,"Category: Essential Oil, Molecules: 34"
orris,ingredient,0.0,1.0,1.0,1.0,1.0,"Category: Essential Oil, Molecules: 10"
clary sage,ingredient,0.8,1.0,1.0,1.0,1.0,"Category: Essential Oil, Molecules: 43"
red sage,ingredient,0.0,0.0,1.0,1.0,1.0,"Category: Essential Oil, Molecules: 7"
spanish sage,ingredient,0.0,0.0,1.0,1.0,1.0,"Category: Essential Oil, Molecules: 8"
sandalwood,ingredient,0.0,0.0,1.0,0.0,0.0,"Category: Essential Oil, Molecules: 2"
sea buckthorns,ingredient,0.0,1.0,1.0,1.0,1.0,"Category: Berry, Molecules: 113"
sweet grass,ingredient,0.0,0.0,1.0,1.0,1.0,"Category: Essential Oil, Molecules: 19"
valerian,ingredient,0.0,1.0,1.0,1.0,0.0,"Category: Essential Oil, Molecules: 9"
wattle,ingredient,0.0,1.0,1.0,1.0,1.0,"Category: Essential Oil, Molecules: 11"
yarrow,ingredient,0.0,0.0,1.0,0.0,0.0,"Category: Essential Oil, Molecules: 1"
ylang-ylang,ingredient,0.0,1.0,1.0,1.0,1.0,"Category: Essential Oil, Molecules: 21"
clam,ingredient,0.0,1.0,1.0,1.0,1.0,"Category: Seafood, Molecules: 61"
crab,ingredient,0.0,1.0,1.0,1.0,1.0,"Category: Seafood, Molecules: 38"
crayfish,ingredient,0.0,1.0,1.0,1.0,1.0,"Category: Seafood, Molecules: 32"
kelp,ingredient,0.0,1.0,1.0,1.0,1.0,"Category: Seafood, Molecules: 104"
krill,ingredient,0.0,1.0,1.0,1.0,1.0,"Category: Seafood, Molecules: 22"
lobster,ingredient,0.0,1.0,0.0,1.0,1.0,"Category: Seafood, Molecules: 6"
mollusc,ingredient,0.0,1.0,1.0,1.0,1.0,"Category: Seafood, Molecules: 20"
oyster,ingredient,0.0,1.0,1.0,1.0,1.0,"Category: Seafood, Molecules: 29"
prawn,ingredient,0.0,1.0,0.0,0.0,0.0,"Category: Seafood, Molecules: 1"
scallop,ingredient,0.0,1.0,1.0,1.0,1.0,"Category: Seafood, Molecules: 41"
shellfish,ingredient,0.0,1.0,0.0,0.0,0.0,"Category: Seafood, Molecules: 2"
shrimp,ingredient,0.0,1.0,1.0,1.0,1.0,"Category: Seafood, Molecules: 76"
trassi,ingredient,0.0,1.0,1.0,1.0,1.0,"Category: Seafood, Molecules: 28"
squid,ingredient,0.0,1.0,1.0,1.0,1.0,"Category: Seafood, Molecules: 22"
bonito,ingredient,0.0,1.0,1.0,1.0,1.0,"Category: Fish, Molecules: 60"
caviar,ingredient,0.8,1.0,1.0,1.0,1.0,"Category: Fish, Molecules: 26"
codfish,ingredient,0.0,1.0,0.0,1.0,1.0,"Category: Fish, Molecules: 7"
fish,ingredient,0.8,1.0,1.0,1.0,1.0,"Category: Fish, Molecules: 47"
fatty fish,ingredient,0.0,1.0,1.0,1.0,1.0,"Category: Fish, Molecules: 38"
lean fish,ingredient,0.0,1.0,1.0,1.0,1.0,"Category: Fish, Molecules: 18"
fish oil,ingredient,0.0,1.0,1.0,1.0,1.0,"Category: Fish, Molecules: 23"
smoked fish,ingredient,0.0,1.0,1.0,0.0,1.0,"Category: Fish, Molecules: 15"
salmon,ingredient,0.8,0.0,0.0,0.0,1.0,"Category: Fish, Molecules: 6"
artichoke,ingredient,0.0,1.0,1.0,1.0,1.0,"Category: Flower, Molecules: 101"
champaca,ingredient,0.0,0.0,1.0,1.0,1.0,"Category: Flower, Molecules: 7"
jasmine,ingredient,0.0,0.0,1.0,1.0,1.0,"Category: Flower, Molecules: 18"
lavendar,ingredient,0.0,1.0,1.0,1.0,1.0,"Category: Flower, Molecules: 46"
rose,ingredient,0.0,1.0,1.0,1.0,1.0,"Category: Flower, Molecules: 14"
apple,ingredient,0.0,1.0,1.0,1.0,1.0,"Category: Fruit, Molecules: 300"
apple sauce,ingredient,0.0,0.0,1.0,0.0,0.0,"Category: Fruit, Molecules: 1"
apricot,ingredient,0.8,1.0,1.0,1.0,1.0,"Category: Fruit, Molecules: 207"
avocado,ingredient,0.0,1.0,1.0,1.0,1.0,"Category: Fruit, Molecules: 134"
babaco,ingredient,0.0,1.0,1.0,1.0,1.0,"Category: Fruit, Molecules: 17"
banana,ingredient,0.0,1.0,1.0,1.0,1.0,"Category: Fruit, Molecules: 206"
beli,ingredient,0.0,0.0,1.0,0.0,0.0,"Category: Fruit, Molecules: 3"
byrsonima crassifolia,ingredient,0.0,0.0,0.0,0.0,0.0,"Category: Fruit, Molecules: 1"
cashew apple,ingredient,0.0,1.0,1.0,1.0,1.0,"Category: Fruit, Molecules: 7"
cherimoya,ingredient,0.0,1.0,1.0,1.0,1.0,"Category: Fruit, Molecules: 166"
coconut,ingredient,0.0,1.0,1.0,1.0,1.0,"Category: Fruit, Molecules: 161"
currant,ingredient,0.8,1.0,1.0,1.0,1.0,"Category: Fruit, Molecules: 37"
black currant,ingredient,0.8,1.0,1.0,1.0,1.0,"Category: Fruit, Molecules: 213"
red currant,ingredient,0.8,1.0,1.0,1.0,1.0,"Category: Fruit, Molecules: 143"
white currant,ingredient,0.8,1.0,1.0,1.0,1.0,"Category: Fruit, Molecules: 37"
dates,ingredient,0.0,1.0,1.0,1.0,1.0,"Category: Fruit, Molecules: 101"
durian,ingredient,0.0,1.0,1.0,1.0,1.0,"Category: Fruit, Molecules: 138"
elderberry,ingredient,0.0,1.0,1.0,1.0,1.0,"Category: Fruit-Berry, Molecules: 153"
feijoa,ingredient,0.0,1.0,1.0,1.0,1.0,"Category: Fruit, Molecules: 106"
fig,ingredient,0.8,1.0,1.0,1.0,1.0,"Category: Fruit, Molecules: 168"
grape,ingredient,0.8,1.0,1.0,1.0,1.0,"Category: Fruit, Molecules: 261"
guava,ingredient,0.8,1.0,1.0,1.0,1.0,"Category: Fruit, Molecules: 259"
hogplum,ingredient,0.0,1.0,1.0,1.0,1.0,"Category: Fruit, Molecules: 102"
jackfruit,ingredient,0.0,1.0,1.0,1.0,1.0,"Category: Fruit, Molecules: 107"
kiwifruit,ingredient,0.0,1.0,1.0,1.0,1.0,"Category: Fruit, Molecules: 147"
litchi,ingredient,0.0,1.0,1.0,1.0,1.0,"Category: Fruit, Molecules: 120"
loquat,ingredient,0.8,1.0,1.0,1.0,1.0,"Category: Fruit, Molecules: 134"
malay apple,ingredient,0.0,1.0,1.0,0.0,0.0,"Category: Fruit, Molecules: 5"
mango,ingredient,0.8,1.0,1.0,1.0,1.0,"Category: Fruit, Molecules: 238"
melon,ingredient,0.8,1.0,1.0,1.0,1.0,"Category: Fruit, Molecules: 207"
musk melon,ingredient,0.8,1.0,1.0,1.0,1.0,"Category: Fruit, Molecules: 129"
naranjilla,ingredient,0.0,1.0,1.0,1.0,1.0,"Category: Fruit, Molecules: 110"
orange,ingredient,0.8,1.0,1.0,1.0,1.0,"Category: Fruit, Molecules: 245"
bitter orange,ingredient,0.0,1.0,1.0,1.0,1.0,"Category: Fruit, Molecules: 22"
papaya,ingredient,0.8,1.0,1.0,1.0,1.0,"Category: Fruit, Molecules: 241"
mountain papaya,ingredient,0.8,1.0,1.0,1.0,1.0,"Category: Fruit, Molecules: 54"
passionfruit,ingredient,0.8,1.0,1.0,1.0,1.0,"Category: Fruit, Molecules: 227"
yellow passionfruit,ingredient,0.0,1.0,1.0,1.0,1.0,"Category: Fruit, Molecules: 40"
pawpaw,ingredient,0.0,1.0,1.0,1.0,1.0,"Category: Fruit, Molecules: 25"
peach,ingredient,0.8,1.0,1.0,1.0,1.0,"Category: Fruit, Molecules: 199"
pear,ingredient,0.0,1.0,1.0,1.0,1.0,"Category: Fruit, Molecules: 149"
bartlett pear,ingredient,0.0,1.0,1.0,1.0,1.0,"Category: Fruit, Molecules: 50"
prickly pear,ingredient,0.8,1.0,1.0,1.0,1.0,"Category: Fruit, Molecules: 128"
pepino,ingredient,0.0,1.0,1.0,1.0,1.0,"Category: Fruit, Molecules: 7"
pineapple,ingredient,0.0,1.0,1.0,1.0,1.0,"Category: Fruit, Molecules: 220"
plum,ingredient,0.8,1.0,1.0,1.0,1.0,"Category: Fruit, Molecules: 189"
plumcot,ingredient,0.0,1.0,1.0,1.0,1.0,"Category: Fruit, Molecules: 24"
pumpkin,ingredient,0.0,1.0,1.0,1.0,1.0,"Category: Fruit, Molecules: 106"
quince,ingredient,0.8,1.0,1.0,1.0,1.0,"Category: Fruit, Molecules: 147"
chinese quince,ingredient,0.0,1.0,1.0,1.0,1.0,"Category: Fruit, Molecules: 45"
raisin,ingredient,0.0,1.0,1.0,1.0,1.0,"Category: Fruit, Molecules: 23"
roseapple,ingredient,0.0,1.0,1.0,1.0,1.0,"Category: Fruit, Molecules: 105"
sapodilla,ingredient,0.0,1.0,1.0,1.0,1.0,"Category: Fruit, Molecules: 106"
soursop,ingredient,0.0,1.0,1.0,1.0,1.0,"Category: Fruit, Molecules: 118"
spineless monkey orange,ingredient,0.0,0.0,1.0,0.0,1.0,"Category: Fruit, Molecules: 20"
starfruit,ingredient,0.8,1.0,1.0,1.0,1.0,"Category: Fruit, Molecules: 190"
tamarind,ingredient,0.8,1.0,1.0,1.0,1.0,"Category: Fruit, Molecules: 164"
woodapple,ingredient,0.0,0.0,1.0,1.0,0.0,"Category: Fruit, Molecules: 6"
berry,ingredient,0.0,1.0,1.0,1.0,1.0,"Category: Berry, Molecules: 39"
bilberry,ingredient,0.0,1.0,1.0,1.0,1.0,"Category: Berry, Molecules: 169"
blackberry,ingredient,0.8,1.0,1.0,1.0,1.0,"Category: Berry, Molecules: 150"
blueberry,ingredient,0.8,1.0,1.0,1.0,1.0,"Category: Berry, Molecules: 152"
cherry,ingredient,0.0,1.0,1.0,1.0,1.0,"Category: Berry, Molecules: 114"
bitter cherry,ingredient,0.0,1.0,1.0,1.0,1.0,"Category: Berry, Molecules: 106"
sour cherry,ingredient,0.8,1.0,1.0,1.0,1.0,"Category: Berry, Molecules: 136"
wild cherry,ingredient,0.0,1.0,1.0,1.0,1.0,"Category: Berry, Molecules: 13"
cloudberry,ingredient,0.0,1.0,1.0,1.0,1.0,"Category: Berry, Molecules: 116"
cranberry,ingredient,0.0,1.0,1.0,1.0,1.0,"Category: Berry, Molecules: 182"
gooseberry,ingredient,0.0,1.0,1.0,1.0,1.0,"Category: Berry, Molecules: 138"
lingonberry,ingredient,0.0,1.0,1.0,1.0,1.0,"Category: Berry, Molecules: 125"
loganberry,ingredient,0.0,1.0,1.0,1.0,1.0,"Category: Berry, Molecules: 109"
raspberry,ingredient,0.8,1.0,1.0,1.0,1.0,"Category: Berry, Molecules: 187"
strawberry,ingredient,0.0,1.0,1.0,1.0,1.0,"Category: Berry, Molecules: 257"
strawberry jam,ingredient,0.0,1.0,1.0,1.0,1.0,"Category: Berry, Molecules: 28"
bergamot,ingredient,0.0,0.0,1.0,1.0,1.0,"Category: Fruit Citrus, Molecules: 16"
citrus fruits,ingredient,0.0,1.0,1.0,1.0,1.0,"Category: Fruit Citrus, Molecules: 42"
grapefruit,ingredient,0.0,1.0,1.0,1.0,1.0,"Category: Fruit Citrus, Molecules: 165"
kumquat,ingredient,0.0,1.0,1.0,1.0,1.0,"Category: Fruit Citrus, Molecules: 129"
lemon,ingredient,0.0,1.0,1.0,1.0,1.0,"Category: Fruit Citrus, Molecules: 193"
lime,ingredient,0.0,1.0,1.0,1.0,1.0,"Category: Fruit Citrus, Molecules: 164"
mandarin orange,ingredient,0.0,1.0,1.0,1.0,1.0,"Category: Fruit Citrus, Molecules: 183"
satsuma orange,ingredient,0.0,1.0,1.0,1.0,0.0,"Category: Fruit Citrus, Molecules: 5"
tangerine,ingredient,0.0,0.0,1.0,1.0,1.0,"Category: Fruit Citrus, Molecules: 21"
vanilla,ingredient,0.8,1.0,1.0,1.0,1.0,"Category: Fruit Essence, Molecules: 174"
mushroom,ingredient,0.8,1.0,1.0,1.0,1.0,"Category: Fungus, Molecules: 227"
truffle,ingredient,0.0,1.0,1.0,1.0,1.0,"Category: Fungus, Molecules: 20"
angelica,ingredient,0.0,1.0,1.0,1.0,1.0,"Category: Herb, Molecules: 112"
artemisia,ingredient,0.0,1.0,1.0,1.0,1.0,"Category: Herb, Molecules: 121"
basil,ingredient,0.8,1.0,1.0,1.0,1.0,"Category: Herb, Molecules: 210"
buckwheat,ingredient,0.8,1.0,1.0,1.0,1.0,"Category: Herb, Molecules: 163"
calamus,ingredient,0.0,1.0,1.0,1.0,1.0,"Category: Herb, Molecules: 31"
chervil,ingredient,0.0,1.0,1.0,1.0,1.0,"Category: Herb, Molecules: 102"
coriander,ingredient,0.0,1.0,1.0,1.0,1.0,"Category: Herb, Molecules: 196"
cornmint,ingredient,0.0,1.0,1.0,1.0,1.0,"Category: Herb, Molecules: 155"
dill,ingredient,0.0,1.0,1.0,1.0,1.0,"Category: Herb, Molecules: 200"
fennel,ingredient,0.0,1.0,1.0,1.0,1.0,"Category: Herb, Molecules: 147"
fenugreek,ingredient,0.8,1.0,1.0,1.0,1.0,"Category: Herb, Molecules: 123"
garlic,ingredient,0.0,1.0,1.0,1.0,1.0,"Category: Herb, Molecules: 143"
lemon balm,ingredient,0.0,1.0,1.0,1.0,1.0,"Category: Herb, Molecules: 177"
liqourice,ingredient,0.0,1.0,1.0,1.0,1.0,"Category: Herb, Molecules: 42"
mint,ingredient,0.0,1.0,1.0,1.0,1.0,"Category: Herb, Molecules: 162"
rhubarb,ingredient,0.0,1.0,1.0,1.0,1.0,"Category: Herb, Molecules: 115"
rosemary,ingredient,0.0,1.0,1.0,1.0,1.0,"Category: Herb, Molecules: 207"
sage,ingredient,0.0,1.0,1.0,1.0,1.0,"Category: Herb, Molecules: 159"
spearmint,ingredient,0.8,1.0,1.0,1.0,1.0,"Category: Herb, Molecules: 237"
scotch spearmint,ingredient,0.0,1.0,1.0,1.0,1.0,"Category: Herb, Molecules: 36"
tarragon,ingredient,0.0,1.0,1.0,1.0,1.0,"Category: Herb, Molecules: 144"
thyme,ingredient,0.0,1.0,1.0,1.0,1.0,"Category: Herb, Molecules: 174"
beef,ingredient,0.8,1.0,1.0,1.0,1.0,"Category: Meat, Molecules: 92"
beef processed,ingredient,0.8,1.0,1.0,1.0,1.0,"Category: Meat, Molecules: 209"
chicken,ingredient,0.0,1.0,1.0,1.0,1.0,"Category: Meat, Molecules: 131"
frankfurter sausage,ingredient,0.0,0.0,0.0,0.0,1.0,"Category: Dish, Molecules: 4"
ham,ingredient,0.8,1.0,0.0,0.0,1.0,"Category: Meat, Molecules: 6"
lamb,ingredient,0.8,1.0,1.0,1.0,1.0,"Category: Meat, Molecules: 37"
meat,ingredient,0.0,1.0,1.0,1.0,1.0,"Category: Meat, Molecules: 47"
mutton,ingredient,0.8,1.0,1.0,1.0,1.0,"Category: Meat, Molecules: 47"
pork,ingredient,0.0,1.0,1.0,1.0,1.0,"Category: Meat, Molecules: 157"
sukiyaki,ingredient,0.0,1.0,1.0,1.0,1.0,"Category: Meat, Molecules: 10"
turkey,ingredient,0.0,1.0,1.0,1.0,1.0,"Category: Meat, Molecules: 17"
almond,ingredient,0.8,1.0,1.0,1.0,1.0,"Category: Nut, Molecules: 130"
brazil nut,ingredient,0.0,1.0,1.0,1.0,1.0,"Category: Nut, Molecules: 111"
cocoa,ingredient,0.8,1.0,1.0,1.0,1.0,"Category: Seed, Molecules: 294"
beans,ingredient,0.8,1.0,1.0,1.0,1.0,"Category: Legume, Molecules: 178"
lima beans,ingredient,0.8,1.0,1.0,1.0,1.0,"Category: Legume, Molecules: 174"
kidney beans,ingredient,0.8,1.0,1.0,1.0,1.0,"Category: Legume, Molecules: 91"
peanut,ingredient,0.8,1.0,1.0,1.0,1.0,"Category: Nut, Molecules: 212"
peas,ingredient,0.8,1.0,1.0,1.0,1.0,"Category: Legume, Molecules: 169"
soybean,ingredient,0.0,1.0,1.0,1.0,1.0,"Category: Legume, Molecules: 225"
soybean oil,ingredient,0.0,0.0,1.0,1.0,0.0,"Category: Legume, Molecules: 4"
soybean sauce,ingredient,0.0,1.0,1.0,1.0,1.0,"Category: Plant Derivative, Molecules: 19"
filbert,ingredient,0.0,1.0,1.0,1.0,1.0,"Category: Nut, Molecules: 100"
hazelnut,ingredient,0.0,1.0,1.0,1.0,1.0,"Category: Nut, Molecules: 109"
macadamia nut,ingredient,0.0,1.0,1.0,1.0,1.0,"Category: Nut, Molecules: 111"
nuts,ingredient,0.0,1.0,1.0,0.0,1.0,"Category: Nut, Molecules: 7"
pecans,ingredient,0.0,1.0,1.0,1.0,1.0,"Category: Nut, Molecules: 148"
walnut,ingredient,0.0,1.0,1.0,1.0,1.0,"Category: Nut, Molecules: 135"
muskmallow,ingredient,0.0,0.0,0.0,0.0,0.0,"Category: Seed, Molecules: 1"
sesame,ingredient,0.8,1.0,1.0,1.0,1.0,"Category: Seed, Molecules: 130"
allium,ingredient,0.0,1.0,0.0,0.0,0.0,"Category: Plant, Molecules: 8"
alpinia,ingredient,0.0,0.0,1.0,0.0,1.0,"Category: Plant, Molecules: 1"
ceriman,ingredient,0.0,0.0,1.0,0.0,1.0,"Category: Plant, Molecules: 2"
chicory,ingredient,0.0,1.0,1.0,1.0,1.0,"Category: Plant, Molecules: 112"
hops,ingredient,0.0,1.0,1.0,1.0,1.0,"Category: Plant, Molecules: 16"
laurel,ingredient,0.0,1.0,1.0,1.0,1.0,"Category: Plant, Molecules: 209"
myrtle,ingredient,0.0,0.0,1.0,1.0,1.0,"Category: Plant, Molecules: 30"
olive,ingredient,0.0,1.0,1.0,1.0,1.0,"Category: Plant, Molecules: 155"
pine,ingredient,0.0,1.0,1.0,1.0,1.0,"Category: Plant, Molecules: 120"
sassafras,ingredient,0.0,1.0,1.0,1.0,1.0,"Category: Plant, Molecules: 7"
tea,ingredient,0.8,1.0,1.0,1.0,1.0,"Category: Plant, Molecules: 391"
fermented tea,ingredient,0.0,1.0,1.0,0.0,1.0,"Category: Plant Derivative, Molecules: 8"
tobacco,ingredient,0.0,1.0,1.0,1.0,1.0,"Category: Plant, Molecules: 46"
watercress,ingredient,0.0,1.0,1.0,1.0,1.0,"Category: Plant, Molecules: 105"
creosote,ingredient,0.0,1.0,1.0,0.0,1.0,"Category: Plant Derivative, Molecules: 7"
honey,ingredient,0.0,1.0,1.0,1.0,1.0,"Category: Plant Derivative, Molecules: 60"
macaroni,ingredient,0.0,0.0,0.0,0.0,1.0,"Category: Plant Derivative, Molecules: 3"
mustard oil,ingredient,0.0,0.0,0.0,0.0,1.0,"Category: Plant Derivative, Molecules: 2"
peanut butter,ingredient,0.0,1.0,1.0,1.0,0.0,"Category: Plant Derivative, Molecules: 9"
peanut oil,ingredient,0.0,1.0,1.0,1.0,1.0,"Category: Plant Derivative, Molecules: 20"
rye,ingredient,0.0,1.0,1.0,1.0,1.0,"Category: Cereal, Molecules: 100"
storax,ingredient,0.0,0.0,0.0,0.0,0.0,"Category: Plant Derivative, Molecules: 1"
vinegar,ingredient,0.0,1.0,1.0,1.0,1.0,"Category: Plant Derivative, Molecules: 49"
anise,ingredient,0.0,1.0,1.0,1.0,1.0,"Category: Spice, Molecules: 145"
anise hyssop,ingredient,0.0,1.0,1.0,0.0,1.0,"Category: Spice, Molecules: 9"
star anise,ingredient,0.0,1.0,1.0,1.0,1.0,"Category: Spice, Molecules: 150"
caraway,ingredient,0.0,0.0,1.0,1.0,1.0,"Category: Spice, Molecules: 16"
cardamom,ingredient,0.0,1.0,1.0,1.0,1.0,"Category: Spice, Molecules: 173"
cassia,ingredient,0.0,1.0,1.0,1.0,1.0,"Category: Spice, Molecules: 145"
celery,ingredient,0.0,1.0,1.0,1.0,1.0,"Category: Spice, Molecules: 217"
cinnamon,ingredient,0.0,1.0,1.0,1.0,1.0,"Category: Spice, Molecules: 183"
clove,ingredient,0.0,1.0,1.0,1.0,1.0,"Category: Spice, Molecules: 177"
cumin,ingredient,0.0,1.0,1.0,1.0,1.0,"Category: Spice, Molecules: 149"
ginger,ingredient,0.8,1.0,1.0,1.0,1.0,"Category: Spice, Molecules: 251"
mace,ingredient,0.0,1.0,1.0,1.0,1.0,"Category: Spice, Molecules: 21"
marjoram,ingredient,0.0,1.0,1.0,1.0,1.0,"Category: Spice, Molecules: 180"
nutmeg,ingredient,0.0,1.0,1.0,1.0,1.0,"Category: Spice, Molecules: 170"
oregano,ingredient,0.8,1.0,1.0,1.0,1.0,"Category: Spice, Molecules: 193"
parsley,ingredient,0.0,1.0,1.0,1.0,1.0,"Category: Spice, Molecules: 167"
pepper,ingredient,0.0,1.0,1.0,1.0,1.0,"Category: Spice, Molecules: 223"
saffron,ingredient,0.0,1.0,1.0,1.0,1.0,"Category: Spice, Molecules: 127"
turmeric,ingredient,0.0,1.0,1.0,1.0,1.0,"Category: Spice, Molecules: 130"
green beans,ingredient,0.8,1.0,1.0,1.0,1.0,"Category: Vegetable, Molecules: 189"
chive,ingredient,0.0,1.0,1.0,1.0,1.0,"Category: Vegetable, Molecules: 126"
endive,ingredient,0.0,1.0,1.0,1.0,1.0,"Category: Vegetable, Molecules: 118"
leek,ingredient,0.0,1.0,1.0,1.0,1.0,"Category: Vegetable, Molecules: 128"
lettuce,ingredient,0.0,1.0,1.0,1.0,1.0,"Category: Vegetable, Molecules: 140"
okra,ingredient,0.0,1.0,1.0,1.0,1.0,"Category: Vegetable, Molecules: 121"
onion,ingredient,0.0,1.0,1.0,1.0,1.0,"Category: Vegetable, Molecules: 180"
shallot,ingredient,0.0,1.0,1.0,1.0,1.0,"Category: Vegetable, Molecules: 108"
peppermint,ingredient,0.8,1.0,1.0,1.0,1.0,"Category: Herb, Molecules: 227"
broccoli,ingredient,0.0,1.0,1.0,1.0,1.0,"Category: Cabbage, Molecules: 130"
brussels sprout,ingredient,0.0,1.0,1.0,1.0,1.0,"Category: Cabbage, Molecules: 115"
cabbage,ingredient,0.0,1.0,1.0,1.0,1.0,"Category: Cabbage, Molecules: 173"
cauliflower,ingredient,0.0,1.0,1.0,1.0,1.0,"Category: Cabbage, Molecules: 125"
horseradish,ingredient,0.0,1.0,1.0,1.0,1.0,"Category: Cabbage, Molecules: 118"
mustard,ingredient,0.0,1.0,1.0,1.0,1.0,"Category: Cabbage, Molecules: 134"
radish,ingredient,0.0,1.0,1.0,1.0,1.0,"Category: Vegetable Root, Molecules: 113"
turnip,ingredient,0.0,1.0,1.0,1.0,1.0,"Category: Vegetable Root, Molecules: 104"
kohlrabi,ingredient,0.0,1.0,1.0,1.0,1.0,"Category: Cabbage, Molecules: 142"
rutabaga,ingredient,0.0,1.0,1.0,1.0,1.0,"Category: Vegetable Root, Molecules: 113"
wasabi,ingredient,0.0,1.0,1.0,1.0,1.0,"Category: Cabbage, Molecules: 100"
capsicum,ingredient,0.8,1.0,1.0,1.0,1.0,"Category: Vegetable Fruit, Molecules: 218"
cherry pepper,ingredient,0.0,1.0,1.0,1.0,1.0,"Category: Vegetable Fruit, Molecules: 12"
tomato,ingredient,0.8,1.0,1.0,1.0,1.0,"Category: Vegetable Fruit, Molecules: 271"
chayote,ingredient,0.0,1.0,1.0,1.0,1.0,"Category: Gourd, Molecules: 96"
cucumber,ingredient,0.0,1.0,1.0,1.0,1.0,"Category: Gourd, Molecules: 134"
beetroot,ingredient,0.0,1.0,1.0,1.0,1.0,"Category: Vegetable Root, Molecules: 121"
carrot,ingredient,0.8,1.0,1.0,1.0,1.0,"Category: Vegetable Root, Molecules: 191"
parsnip,ingredient,0.0,1.0,1.0,1.0,1.0,"Category: Vegetable Root, Molecules: 132"
sweet potato,ingredient,0.8,1.0,1.0,1.0,1.0,"Category: Vegetable Root, Molecules: 104"
asparagus,ingredient,0.0,1.0,1.0,1.0,1.0,"Category: Vegetable Stem, Molecules: 168"
cassava,ingredient,0.0,1.0,1.0,1.0,1.0,"Category: Vegetable Tuber, Molecules: 101"
potato,ingredient,0.0,1.0,1.0,1.0,1.0,"Category: Vegetable Tuber, Molecules: 254"
fried potato,ingredient,0.8,1.0,1.0,1.0,1.0,"Category: Bakery, Molecules: 68"
allspice,ingredient,0.0,1.0,1.0,1.0,1.0,"Category: Spice, Molecules: 166"
asafoetida,ingredient,0.0,0.0,1.0,1.0,0.0,"Category: Spice, Molecules: 37"
ashgourd,ingredient,0.0,1.0,1.0,1.0,1.0,"Category: Gourd, Molecules: 94"
bittergourd,ingredient,0.0,1.0,1.0,1.0,1.0,"Category: Gourd, Molecules: 119"
bottlegourd,ingredient,0.0,1.0,1.0,1.0,1.0,"Category: Gourd, Molecules: 114"
canola oil,ingredient,0.8,1.0,1.0,1.0,1.0,"Category: Essential Oil, Molecules: 153"
carom seed,ingredient,0.0,1.0,1.0,1.0,1.0,"Category: Spice, Molecules: 155"
chard,ingredient,0.0,1.0,1.0,1.0,1.0,"Category: Vegetable, Molecules: 100"
apple cider vinegar,ingredient,0.0,0.0,1.0,1.0,1.0,"Category: Plant Derivative, Molecules: 16"
colocasia,ingredient,0.0,1.0,1.0,1.0,1.0,"Category: Vegetable, Molecules: 59"
curry leaf,ingredient,0.0,0.0,1.0,1.0,1.0,"Category: Herb, Molecules: 31"
drumstick leaf,ingredient,0.8,1.0,1.0,1.0,1.0,"Category: Vegetable, Molecules: 84"
eggplant,ingredient,0.0,1.0,1.0,1.0,1.0,"Category: Vegetable, Molecules: 132"
flaxseed,ingredient,0.0,1.0,1.0,1.0,1.0,"Category: Seed, Molecules: 132"
jalapeno,ingredient,0.0,0.0,0.0,0.0,0.0,"Category: Spice, Molecules: 1"
kenaf,ingredient,0.8,1.0,1.0,1.0,1.0,"Category: Essential Oil, Molecules: 52"
lotus,ingredient,0.8,1.0,1.0,1.0,1.0,"Category: Essential Oil, Molecules: 170"
nigella seed,ingredient,0.0,0.0,1.0,1.0,1.0,"Category: Seed, Molecules: 30"
kewda,ingredient,0.0,1.0,1.0,1.0,1.0,"Category: Essential Oil, Molecules: 18"
pomegranate,ingredient,0.0,1.0,1.0,1.0,1.0,"Category: Fruit, Molecules: 128"
poppy seed,ingredient,0.0,1.0,1.0,1.0,1.0,"Category: Spice, Molecules: 131"
spinach,ingredient,0.8,1.0,1.0,1.0,1.0,"Category: Vegetable, Molecules: 137"
turkey berry,ingredient,0.8,1.0,1.0,1.0,1.0,"Category: Vegetable Fruit, Molecules: 38"
water chestnut,ingredient,0.0,1.0,1.0,1.0,1.0,"Category: Fruit, Molecules: 101"
white pepper,ingredient,0.0,1.0,1.0,1.0,1.0,"Category: Spice, Molecules: 18"
garcinia indica,ingredient,0.0,0.0,0.0,0.0,0.0,"Category: Fruit, Molecules: 6"
cluster bean,ingredient,0.0,1.0,1.0,0.0,1.0,"Category: Legume, Molecules: 12"
paneer,ingredient,0.0,1.0,1.0,1.0,1.0,"Category: Dairy, Molecules: 29"
pigeon pea,ingredient,0.0,1.0,1.0,1.0,1.0,"Category: Legume, Molecules: 99"
basmati rice,ingredient,0.0,1.0,1.0,1.0,1.0,"Category: Cereal, Molecules: 30"
ricotta cheese,ingredient,0.0,1.0,1.0,1.0,1.0,"Category: Dairy, Molecules: 42"
silver linden,ingredient,0.0,1.0,1.0,1.0,1.0,"Category: Herb, Molecules: 94"
redskin onion,ingredient,0.0,1.0,1.0,1.0,1.0,"Category: Vegetable, Molecules: 98"
lemon verbena,ingredient,0.0,1.0,1.0,1.0,1.0,"Category: Herb, Molecules: 92"
cashew nut,ingredient,0.0,1.0,1.0,1.0,1.0,"Category: Nut, Molecules: 106"
burdock,ingredient,0.0,1.0,1.0,1.0,1.0,"Category: Vegetable, Molecules: 104"
borage,ingredient,0.0,1.0,1.0,1.0,1.0,"Category: Herb, Molecules: 95"
capers,ingredient,0.0,1.0,1.0,1.0,1.0,"Category: Herb, Molecules: 99"
safflower,ingredient,0.8,1.0,1.0,1.0,1.0,"Category: Herb, Molecules: 138"
chestnut,ingredient,0.0,1.0,1.0,1.0,1.0,"Category: Nut, Molecules: 99"
chickpea,ingredient,0.0,1.0,1.0,1.0,1.0,"Category: Legume, Molecules: 103"
pummelo,ingredient,0.0,1.0,1.0,1.0,1.0,"Category: Fruit Citrus, Molecules: 111"
arabica coffee,ingredient,0.0,0.0,1.0,0.0,1.0,"Category: Beverage Caffeinated, Molecules: 11"
japanese persimmon,ingredient,0.0,1.0,1.0,1.0,1.0,"Category: Fruit, Molecules: 100"
black crowberry,ingredient,0.0,1.0,1.0,1.0,1.0,"Category: Berry, Molecules: 93"
rocket salad,ingredient,0.0,1.0,1.0,1.0,1.0,"Category: Herb, Molecules: 119"
tartary buckwheat,ingredient,0.0,1.0,1.0,1.0,1.0,"Category: Cereal, Molecules: 92"
black huckleberry,ingredient,0.0,1.0,1.0,1.0,1.0,"Category: Berry, Molecules: 93"
sunflower,ingredient,0.0,1.0,1.0,1.0,1.0,"Category: Flower, Molecules: 140"
swamp cabbage,ingredient,0.0,1.0,1.0,1.0,1.0,"Category: Cabbage, Molecules: 93"
grass pea,ingredient,0.0,1.0,1.0,1.0,1.0,"Category: Legume, Molecules: 92"
lentils,ingredient,0.0,1.0,1.0,1.0,1.0,"Category: Legume, Molecules: 103"
garden cress,ingredient,0.0,1.0,1.0,1.0,1.0,"Category: Herb, Molecules: 103"
mexican oregano,ingredient,0.0,1.0,1.0,1.0,1.0,"Category: Herb, Molecules: 97"
lupine,ingredient,0.0,1.0,1.0,1.0,1.0,"Category: Plant, Molecules: 92"
medlar,ingredient,0.0,1.0,1.0,1.0,1.0,"Category: Fruit, Molecules: 98"
mulberry,ingredient,0.0,1.0,1.0,1.0,1.0,"Category: Berry, Molecules: 93"
black mulberry,ingredient,0.0,1.0,1.0,1.0,1.0,"Category: Berry, Molecules: 94"
evening primrose,ingredient,0.0,1.0,1.0,1.0,1.0,"Category: Herb, Molecules: 93"
millet,ingredient,0.0,1.0,1.0,1.0,1.0,"Category: Legume, Molecules: 95"
scarlet bean,ingredient,0.0,1.0,1.0,1.0,1.0,"Category: Legume, Molecules: 93"
pistachio,ingredient,0.0,1.0,1.0,1.0,1.0,"Category: Nut, Molecules: 103"
purslane,ingredient,0.0,1.0,1.0,1.0,1.0,"Category: Plant, Molecules: 95"
red raspberry,ingredient,0.8,1.0,1.0,1.0,1.0,"Category: Berry, Molecules: 123"
black raspberry,ingredient,0.0,1.0,1.0,1.0,1.0,"Category: Berry, Molecules: 95"
sorrel,ingredient,0.0,1.0,1.0,1.0,1.0,"Category: Herb, Molecules: 96"
summer savory,ingredient,0.0,1.0,1.0,1.0,1.0,"Category: Herb, Molecules: 122"
winter savory,ingredient,0.0,1.0,1.0,1.0,1.0,"Category: Herb, Molecules: 138"
cherry tomato,ingredient,0.0,1.0,1.0,1.0,1.0,"Category: Berry, Molecules: 94"
rowanberry,ingredient,0.0,1.0,1.0,1.0,1.0,"Category: Berry, Molecules: 94"
sorghum,ingredient,0.0,1.0,1.0,1.0,1.0,"Category: Cereal, Molecules: 94"
dandelion,ingredient,0.0,1.0,1.0,1.0,1.0,"Category: Flower, Molecules: 102"
linden,ingredient,0.0,1.0,1.0,1.0,1.0,"Category: Herb, Molecules: 109"
small leaf linden,ingredient,0.0,1.0,1.0,1.0,1.0,"Category: Plant, Molecules: 93"
wheat,ingredient,0.8,1.0,1.0,1.0,1.0,"Category: Cereal, Molecules: 112"
sparkleberry,ingredient,0.0,1.0,1.0,1.0,1.0,"Category: Berry, Molecules: 92"
common verbena,ingredient,0.0,1.0,1.0,1.0,1.0,"Category: Herb, Molecules: 93"
adzuki bean,ingredient,0.0,1.0,1.0,1.0,1.0,"Category: Legume, Molecules: 97"
gram bean,ingredient,0.0,1.0,1.0,1.0,1.0,"Category: Legume, Molecules: 95"
mung bean,ingredient,0.0,1.0,1.0,1.0,1.0,"Category: Legume, Molecules: 100"
climbing bean,ingredient,0.0,1.0,1.0,1.0,1.0,"Category: Legume, Molecules: 92"
muscadine grape,ingredient,0.0,1.0,1.0,1.0,1.0,"Category: Fruit, Molecules: 92"
bayberry,ingredient,0.0,1.0,1.0,1.0,1.0,"Category: Berry, Molecules: 92"
elliott's blueberry,ingredient,0.0,1.0,1.0,1.0,1.0,"Category: Berry, Molecules: 92"
canada blueberry,ingredient,0.0,1.0,1.0,1.0,1.0,"Category: Berry, Molecules: 92"
buffalo currant,ingredient,0.0,1.0,1.0,1.0,1.0,"Category: Fruit, Molecules: 92"
deerberry,ingredient,0.0,1.0,1.0,1.0,1.0,"Category: Berry, Molecules: 92"
ginseng,ingredient,0.0,1.0,1.0,1.0,1.0,"Category: Vegetable Root, Molecules: 92"
longan,ingredient,0.0,1.0,1.0,1.0,1.0,"Category: Plant, Molecules: 93"
pepper c. baccatum,ingredient,0.0,1.0,1.0,1.0,1.0,"Category: Vegetable, Molecules: 92"
pepper c. chinense,ingredient,0.0,1.0,1.0,1.0,1.0,"Category: Vegetable, Molecules: 92"
rambutan,ingredient,0.0,1.0,1.0,1.0,1.0,"Category: Fruit, Molecules: 93"
red rice,ingredient,0.0,1.0,1.0,1.0,1.0,"Category: Cereal, Molecules: 92"
annual wild rice,ingredient,0.0,1.0,1.0,1.0,1.0,"Category: Cereal, Molecules: 92"
welsh onion,ingredient,0.0,1.0,1.0,1.0,1.0,"Category: Vegetable, Molecules: 94"
hard wheat,ingredient,0.0,1.0,1.0,1.0,1.0,"Category: Cereal, Molecules: 94"
triticale,ingredient,0.0,1.0,1.0,1.0,1.0,"Category: Cereal, Molecules: 93"
komatsuna,ingredient,0.0,1.0,1.0,1.0,1.0,"Category: Cabbage, Molecules: 93"
pak choy,ingredient,0.0,1.0,1.0,1.0,1.0,"Category: Cabbage, Molecules: 96"
jostaberry,ingredient,0.0,1.0,1.0,1.0,1.0,"Category: Berry, Molecules: 92"
kai lan,ingredient,0.0,1.0,1.0,1.0,1.0,"Category: Cabbage, Molecules: 93"
pineappple sage,ingredient,0.0,1.0,1.0,1.0,1.0,"Category: Herb, Molecules: 92"
skunk currant,ingredient,0.0,1.0,1.0,1.0,1.0,"Category: Fruit, Molecules: 92"
breakfast cereal,ingredient,0.0,1.0,1.0,1.0,1.0,"Category: Cereal, Molecules: 95"
pasta,ingredient,0.0,1.0,1.0,1.0,1.0,"Category: Bakery, Molecules: 95"
biscuit,ingredient,0.0,1.0,1.0,1.0,1.0,"Category: Bakery, Molecules: 95"
sourdough,ingredient,0.0,1.0,1.0,1.0,1.0,"Category: Cereal, Molecules: 92"
spirit,ingredient,0.0,1.0,1.0,1.0,1.0,"Category: Beverage Alcoholic, Molecules: 10"
beverage alcolohic other,ingredient,0.0,0.0,0.0,0.0,1.0,"Category: Beverage Alcoholic, Molecules: 2"
abalone,ingredient,0.0,1.0,1.0,1.0,1.0,"Category: Fungus, Molecules: 93"
abiyuch,ingredient,0.0,1.0,1.0,1.0,1.0,"Category: Plant, Molecules: 92"
acerola,ingredient,0.0,1.0,1.0,1.0,1.0,"Category: Berry, Molecules: 93"
acorn,ingredient,0.0,1.0,1.0,1.0,1.0,"Category: Nut, Molecules: 93"
winter squash,ingredient,0.0,1.0,1.0,1.0,1.0,"Category: Fruit, Molecules: 93"
agar,ingredient,0.0,1.0,1.0,1.0,1.0,"Category: Additive, Molecules: 93"
red king crab,ingredient,0.0,0.0,0.0,0.0,1.0,"Category: Seafood, Molecules: 2"
alfalfa,ingredient,0.0,1.0,1.0,1.0,1.0,"Category: Herb, Molecules: 97"
amaranth,ingredient,0.0,1.0,1.0,1.0,1.0,"Category: Herb, Molecules: 94"
arrowhead,ingredient,0.0,1.0,1.0,1.0,1.0,"Category: Vegetable Tuber, Molecules: 93"
arrowroot,ingredient,0.0,1.0,1.0,1.0,1.0,"Category: Vegetable Tuber, Molecules: 95"
atlantic herring,ingredient,0.0,1.0,1.0,1.0,1.0,"Category: Fish, Molecules: 93"
atlantic mackerel,ingredient,0.0,0.0,0.0,0.0,1.0,"Category: Fish, Molecules: 2"
painted comber,ingredient,0.0,1.0,0.0,1.0,1.0,"Category: Fish, Molecules: 3"
atlantic pollock,ingredient,0.0,0.0,0.0,0.0,1.0,"Category: Fish, Molecules: 2"
atlantic wolffish,ingredient,0.0,1.0,0.0,1.0,1.0,"Category: Fish, Molecules: 4"
bamboo shoots,ingredient,0.0,1.0,1.0,1.0,1.0,"Category: Plant, Molecules: 95"
striped bass,ingredient,0.0,0.0,0.0,0.0,1.0,"Category: Fish, Molecules: 2"
beaver,ingredient,0.0,0.0,0.0,0.0,1.0,"Category: Meat, Molecules: 3"
beech nut,ingredient,0.0,1.0,1.0,1.0,1.0,"Category: Nut, Molecules: 93"
beluga whale,ingredient,0.0,1.0,0.0,1.0,1.0,"Category: Fish, Molecules: 4"
bison,ingredient,0.0,1.0,0.0,1.0,1.0,"Category: Meat, Molecules: 4"
black bear,ingredient,0.0,0.0,0.0,0.0,1.0,"Category: Meat, Molecules: 1"
alaska blackfish,ingredient,0.0,0.0,0.0,0.0,1.0,"Category: Fish, Molecules: 1"
northern bluefin tuna,ingredient,0.0,0.0,0.0,0.0,1.0,"Category: Fish, Molecules: 2"
bluefish,ingredient,0.0,0.0,0.0,0.0,1.0,"Category: Fish, Molecules: 2"
wild boar,ingredient,0.0,0.0,0.0,0.0,1.0,"Category: Meat, Molecules: 3"
bowhead whale,ingredient,0.0,0.0,0.0,0.0,1.0,"Category: Fish, Molecules: 1"
breadfruit,ingredient,0.0,1.0,1.0,1.0,1.0,"Category: Fruit, Molecules: 94"
breadnut tree seed,ingredient,0.0,1.0,1.0,1.0,1.0,"Category: Plant Derivative, Molecules: 93"
rapini,ingredient,0.0,1.0,1.0,1.0,1.0,"Category: Cabbage, Molecules: 94"
brown bear,ingredient,0.0,0.0,0.0,0.0,1.0,"Category: Meat, Molecules: 3"
buffalo,ingredient,0.0,1.0,0.0,1.0,1.0,"Category: Meat, Molecules: 3"
burbot,ingredient,0.0,1.0,1.0,1.0,1.0,"Category: Fish, Molecules: 95"
giant butterbur,ingredient,0.0,1.0,1.0,1.0,1.0,"Category: Plant, Molecules: 95"
american butterfish,ingredient,0.0,1.0,1.0,1.0,1.0,"Category: Fish, Molecules: 93"
butternut,ingredient,0.0,1.0,1.0,1.0,1.0,"Category: Nut, Molecules: 93"
butternut squash,ingredient,0.0,1.0,1.0,1.0,1.0,"Category: Fruit, Molecules: 93"
cardoon,ingredient,0.0,1.0,1.0,1.0,1.0,"Category: Plant, Molecules: 94"
caribou,ingredient,0.0,1.0,0.0,1.0,1.0,"Category: Meat, Molecules: 4"
natal plum,ingredient,0.0,1.0,1.0,1.0,1.0,"Category: Fruit, Molecules: 93"
carob,ingredient,0.0,1.0,1.0,1.0,1.0,"Category: Plant, Molecules: 98"
common carp,ingredient,0.0,0.0,0.0,0.0,1.0,"Category: Fish, Molecules: 2"
channel catfish,ingredient,0.0,1.0,0.0,1.0,1.0,"Category: Fish, Molecules: 3"
chia,ingredient,0.0,1.0,1.0,1.0,1.0,"Category: Herb, Molecules: 94"
chinese chestnut,ingredient,0.0,1.0,1.0,1.0,1.0,"Category: Nut, Molecules: 93"
garland chrysanthemum,ingredient,0.0,1.0,1.0,1.0,1.0,"Category: Flower, Molecules: 93"
cisco,ingredient,0.0,0.0,0.0,0.0,1.0,"Category: Fish, Molecules: 2"
nuttall cockle,ingredient,0.0,0.0,0.0,0.0,1.0,"Category: Fish, Molecules: 1"
common octopus,ingredient,0.0,1.0,0.0,1.0,1.0,"Category: Seafood, Molecules: 4"
corn salad,ingredient,0.0,1.0,1.0,1.0,1.0,"Category: Vegetable, Molecules: 93"
cottonseed,ingredient,0.0,1.0,1.0,1.0,1.0,"Category: Plant Derivative, Molecules: 112"
catjang pea,ingredient,0.0,1.0,1.0,1.0,1.0,"Category: Legume, Molecules: 93"
squashberry,ingredient,0.0,1.0,1.0,1.0,1.0,"Category: Berry, Molecules: 93"
atlantic croaker,ingredient,0.0,0.0,0.0,0.0,1.0,"Category: Fish, Molecules: 2"
cusk,ingredient,0.0,0.0,0.0,0.0,1.0,"Category: Fish, Molecules: 2"
cuttlefish,ingredient,0.0,0.0,0.0,0.0,1.0,"Category: Fish, Molecules: 2"
mule deer,ingredient,0.0,0.0,0.0,0.0,1.0,"Category: Meat, Molecules: 2"
devilfish,ingredient,0.0,1.0,1.0,1.0,1.0,"Category: Fish, Molecules: 93"
dock,ingredient,0.0,1.0,1.0,1.0,1.0,"Category: Herb, Molecules: 93"
dolphin fish,ingredient,0.0,0.0,0.0,0.0,1.0,"Category: Fish, Molecules: 2"
freshwater drum,ingredient,0.0,0.0,0.0,0.0,1.0,"Category: Fish, Molecules: 2"
mallard duck,ingredient,0.0,0.0,0.0,0.0,1.0,"Category: Meat, Molecules: 3"
freshwater eel,ingredient,0.0,0.0,0.0,0.0,1.0,"Category: Fish, Molecules: 2"
elk,ingredient,0.0,1.0,0.0,1.0,1.0,"Category: Meat, Molecules: 3"
emu,ingredient,0.0,1.0,0.0,1.0,1.0,"Category: Meat, Molecules: 3"
oregon yampah,ingredient,0.0,1.0,1.0,1.0,1.0,"Category: Plant, Molecules: 93"
european anchovy,ingredient,0.0,0.0,0.0,0.0,1.0,"Category: Fish, Molecules: 2"
european chestnut,ingredient,0.0,1.0,1.0,1.0,1.0,"Category: Nut, Molecules: 94"
turbot,ingredient,0.0,1.0,0.0,1.0,1.0,"Category: Fish, Molecules: 4"
fireweed,ingredient,0.0,1.0,1.0,1.0,1.0,"Category: Herb, Molecules: 93"
florida pompano,ingredient,0.0,0.0,0.0,0.0,1.0,"Category: Fish, Molecules: 2"
ginkgo nuts,ingredient,0.8,1.0,1.0,1.0,1.0,"Category: Nut, Molecules: 117"
greylag goose,ingredient,0.0,1.0,0.0,1.0,1.0,"Category: Meat, Molecules: 5"
greenland halibut,ingredient,0.0,1.0,0.0,1.0,1.0,"Category: Fish, Molecules: 4"
groundcherry,ingredient,0.0,1.0,1.0,1.0,1.0,"Category: Berry, Molecules: 95"
grouper,ingredient,0.0,0.0,0.0,0.0,1.0,"Category: Fish, Molecules: 2"
haddock,ingredient,0.0,1.0,0.0,1.0,1.0,"Category: Fish, Molecules: 4"
hippoglossus,ingredient,0.0,1.0,0.0,1.0,1.0,"Category: Fish, Molecules: 3"
horse,ingredient,0.0,1.0,0.0,1.0,1.0,"Category: Meat, Molecules: 4"
hyacinth bean,ingredient,0.0,1.0,1.0,1.0,1.0,"Category: Legume, Molecules: 93"
irish moss,ingredient,0.0,1.0,1.0,1.0,1.0,"Category: Seafood, Molecules: 93"
pacific jack mackerel,ingredient,0.0,0.0,0.0,0.0,1.0,"Category: Fish, Molecules: 2"
japanese chestnut,ingredient,0.0,1.0,1.0,1.0,1.0,"Category: Nut, Molecules: 93"
jerusalem artichoke,ingredient,0.0,1.0,1.0,1.0,1.0,"Category: Vegetable Tuber, Molecules: 95"
jujube,ingredient,0.0,1.0,1.0,1.0,1.0,"Category: Fruit, Molecules: 93"
jute,ingredient,0.0,1.0,1.0,1.0,1.0,"Category: Plant Derivative, Molecules: 93"
kale,ingredient,0.0,1.0,1.0,1.0,1.0,"Category: Cabbage, Molecules: 95"
king mackerel,ingredient,0.0,0.0,0.0,0.0,1.0,"Category: Fish, Molecules: 2"
lambsquarters,ingredient,0.0,1.0,1.0,1.0,1.0,"Category: Plant, Molecules: 95"
leather chiton,ingredient,0.0,0.0,0.0,0.0,1.0,"Category: Seafood, Molecules: 2"
common ling,ingredient,0.0,1.0,0.0,1.0,1.0,"Category: Fish, Molecules: 4"
lingcod,ingredient,0.0,0.0,0.0,0.0,1.0,"Category: Fish, Molecules: 2"
white lupine,ingredient,0.0,1.0,1.0,1.0,1.0,"Category: Plant, Molecules: 94"
malabar spinach,ingredient,0.0,1.0,1.0,1.0,1.0,"Category: Vegetable, Molecules: 94"
mammee apple,ingredient,0.0,1.0,1.0,1.0,1.0,"Category: Fruit, Molecules: 93"
purple mangosteen,ingredient,0.0,1.0,1.0,1.0,1.0,"Category: Fruit, Molecules: 95"
alpine sweetvetch,ingredient,0.0,1.0,1.0,1.0,1.0,"Category: Plant, Molecules: 93"
milkfish,ingredient,0.0,0.0,0.0,0.0,1.0,"Category: Fish, Molecules: 2"
monkfish,ingredient,0.0,0.0,0.0,0.0,1.0,"Category: Fish, Molecules: 2"
moose,ingredient,0.0,0.0,0.0,0.0,1.0,"Category: Meat, Molecules: 3"
moth bean,ingredient,0.0,1.0,1.0,1.0,1.0,"Category: Legume, Molecules: 93"
mountain yam,ingredient,0.0,1.0,1.0,1.0,1.0,"Category: Vegetable Tuber, Molecules: 93"
striped mullet,ingredient,0.0,0.0,0.0,0.0,1.0,"Category: Fish, Molecules: 2"
muskrat,ingredient,0.0,0.0,0.0,0.0,1.0,"Category: Meat, Molecules: 2"
new zealand spinach,ingredient,0.0,1.0,1.0,1.0,1.0,"Category: Vegetable, Molecules: 93"
nopal,ingredient,0.0,1.0,1.0,1.0,1.0,"Category: Plant, Molecules: 93"
ocean pout,ingredient,0.0,0.0,0.0,0.0,1.0,"Category: Fish, Molecules: 2"
north pacific giant octopus,ingredient,0.0,0.0,0.0,0.0,1.0,"Category: Seafood, Molecules: 2"
ohelo berry,ingredient,0.0,1.0,1.0,1.0,1.0,"Category: Berry, Molecules: 93"
opossum,ingredient,0.0,0.0,0.0,0.0,1.0,"Category: Meat, Molecules: 3"
ostrich,ingredient,0.0,1.0,0.0,1.0,1.0,"Category: Meat, Molecules: 4"
spotted seal,ingredient,0.0,1.0,0.0,1.0,1.0,"Category: Seafood, Molecules: 3"
pacific herring,ingredient,0.0,0.0,0.0,0.0,1.0,"Category: Fish, Molecules: 2"
pacific rockfish,ingredient,0.0,1.0,0.0,1.0,1.0,"Category: Fish, Molecules: 3"
common persimmon,ingredient,0.0,1.0,1.0,1.0,1.0,"Category: Fruit, Molecules: 98"
pheasant,ingredient,0.0,1.0,0.0,1.0,1.0,"Category: Meat, Molecules: 5"
northern pike,ingredient,0.0,1.0,0.0,1.0,1.0,"Category: Fish, Molecules: 4"
pili nut,ingredient,0.0,1.0,1.0,1.0,1.0,"Category: Nut, Molecules: 93"
colorado pinyon,ingredient,0.0,1.0,1.0,1.0,1.0,"Category: Plant, Molecules: 93"
pitanga,ingredient,0.0,1.0,1.0,1.0,1.0,"Category: Berry, Molecules: 95"
french plantain,ingredient,0.0,1.0,1.0,1.0,1.0,"Category: Plant, Molecules: 105"
american pokeweed,ingredient,0.0,1.0,1.0,1.0,1.0,"Category: Herb, Molecules: 95"
polar bear,ingredient,0.0,0.0,0.0,0.0,1.0,"Category: Meat, Molecules: 2"
prairie turnip,ingredient,0.0,1.0,1.0,1.0,1.0,"Category: Cabbage, Molecules: 93"
quinoa,ingredient,0.0,1.0,1.0,1.0,1.0,"Category: Cereal, Molecules: 94"
european rabbit,ingredient,0.0,0.0,0.0,0.0,1.0,"Category: Meat, Molecules: 3"
raccoon,ingredient,0.0,0.0,0.0,0.0,1.0,"Category: Meat, Molecules: 3"
rainbow smelt,ingredient,0.0,0.0,0.0,0.0,1.0,"Category: Fish, Molecules: 2"
rainbow trout,ingredient,0.0,1.0,0.0,1.0,1.0,"Category: Fish, Molecules: 4"
malabar plum,ingredient,0.0,1.0,1.0,1.0,1.0,"Category: Fruit, Molecules: 93"
rose hip,ingredient,0.0,1.0,1.0,1.0,1.0,"Category: Fruit, Molecules: 97"
roselle,ingredient,0.0,1.0,1.0,1.0,1.0,"Category: Herb, Molecules: 114"
orange roughy,ingredient,0.0,1.0,0.0,1.0,1.0,"Category: Fish, Molecules: 3"
sablefish,ingredient,0.0,0.0,0.0,0.0,1.0,"Category: Fish, Molecules: 2"
pink salmon,ingredient,0.0,1.0,0.0,1.0,1.0,"Category: Fish, Molecules: 4"
chum salmon,ingredient,0.0,1.0,0.0,1.0,1.0,"Category: Fish, Molecules: 4"
coho salmon,ingredient,0.0,1.0,0.0,1.0,1.0,"Category: Fish, Molecules: 3"
sockeye salmon,ingredient,0.0,1.0,0.0,1.0,1.0,"Category: Fish, Molecules: 4"
chinook salmon,ingredient,0.0,1.0,0.0,1.0,1.0,"Category: Fish, Molecules: 4"
atlantic salmon,ingredient,0.0,1.0,0.0,1.0,1.0,"Category: Fish, Molecules: 4"
salmonberry,ingredient,0.0,1.0,1.0,1.0,1.0,"Category: Berry, Molecules: 94"
common salsify,ingredient,0.0,1.0,1.0,1.0,1.0,"Category: Plant, Molecules: 93"
spanish mackerel,ingredient,0.0,0.0,0.0,0.0,1.0,"Category: Fish, Molecules: 2"
pacific sardine,ingredient,0.0,0.0,0.0,0.0,1.0,"Category: Fish, Molecules: 3"
scup,ingredient,0.0,0.0,0.0,0.0,1.0,"Category: Fish, Molecules: 2"
sea cucumber,ingredient,0.0,0.0,0.0,0.0,1.0,"Category: Seafood, Molecules: 1"
steller sea lion,ingredient,0.0,0.0,0.0,0.0,0.0,"Category: Seafood, Molecules: 1"
bearded seal,ingredient,0.0,1.0,0.0,1.0,1.0,"Category: Seafood, Molecules: 4"
ringed seal,ingredient,0.0,0.0,0.0,0.0,1.0,"Category: Seafood, Molecules: 1"
sea trout,ingredient,0.0,0.0,0.0,0.0,1.0,"Category: Fish, Molecules: 2"
sesbania flower,ingredient,0.0,1.0,1.0,1.0,1.0,"Category: Flower, Molecules: 93"
american shad,ingredient,0.0,0.0,0.0,0.0,1.0,"Category: Fish, Molecules: 2"
shark,ingredient,0.0,0.0,0.0,0.0,1.0,"Category: Fish, Molecules: 2"
sheefish,ingredient,0.0,1.0,0.0,1.0,1.0,"Category: Fish, Molecules: 4"
sheepshead,ingredient,0.0,0.0,0.0,0.0,1.0,"Category: Fish, Molecules: 2"
hedge mustard,ingredient,0.0,1.0,1.0,1.0,1.0,"Category: Cabbage, Molecules: 93"
snapper,ingredient,0.0,0.0,0.0,0.0,1.0,"Category: Fish, Molecules: 2"
spelt,ingredient,0.0,1.0,1.0,1.0,1.0,"Category: Cereal, Molecules: 94"
spirulina,ingredient,0.0,1.0,1.0,1.0,1.0,"Category: Additive, Molecules: 93"
squab,ingredient,0.0,1.0,0.0,1.0,1.0,"Category: Meat, Molecules: 4"
squirrel,ingredient,0.0,0.0,0.0,0.0,1.0,"Category: Meat, Molecules: 3"
greater sturgeon,ingredient,0.0,0.0,0.0,0.0,1.0,"Category: Fish, Molecules: 2"
white sucker,ingredient,0.0,0.0,0.0,0.0,1.0,"Category: Fish, Molecules: 2"
pumpkinseed sunfish,ingredient,0.0,0.0,0.0,0.0,1.0,"Category: Fish, Molecules: 2"
swordfish,ingredient,0.0,1.0,0.0,1.0,1.0,"Category: Fish, Molecules: 3"
taro,ingredient,0.0,1.0,1.0,1.0,1.0,"Category: Vegetable Tuber, Molecules: 93"
teff,ingredient,0.0,1.0,1.0,1.0,1.0,"Category: Herb, Molecules: 94"
tilefish,ingredient,0.0,0.0,0.0,0.0,1.0,"Category: Fish, Molecules: 2"
mexican groundcherry,ingredient,0.0,1.0,1.0,1.0,1.0,"Category: Berry, Molecules: 93"
towel gourd,ingredient,0.0,1.0,1.0,1.0,1.0,"Category: Gourd, Molecules: 94"
salmonidae,ingredient,0.0,1.0,0.0,1.0,1.0,"Category: Fish, Molecules: 4"
walleye,ingredient,0.0,0.0,0.0,0.0,1.0,"Category: Fish, Molecules: 2"
alaska pollock,ingredient,0.0,1.0,0.0,1.0,1.0,"Category: Fish, Molecules: 3"
whelk,ingredient,0.0,0.0,0.0,0.0,1.0,"Category: Seafood, Molecules: 2"
broad whitefish,ingredient,0.0,0.0,0.0,0.0,1.0,"Category: Fish, Molecules: 1"
whitefish,ingredient,0.0,1.0,0.0,1.0,1.0,"Category: Fish, Molecules: 5"
whiting,ingredient,0.0,1.0,0.0,1.0,1.0,"Category: Fish, Molecules: 4"
wild rice,ingredient,0.0,1.0,1.0,1.0,1.0,"Category: Cereal, Molecules: 93"
tea leaf willow,ingredient,0.0,1.0,1.0,1.0,1.0,"Category: Herb, Molecules: 92"
winged bean,ingredient,0.0,1.0,1.0,1.0,1.0,"Category: Legume, Molecules: 93"
yam,ingredient,0.0,1.0,1.0,1.0,1.0,"Category: Vegetable Tuber, Molecules: 95"
jicama,ingredient,0.0,1.0,1.0,1.0,1.0,"Category: Vegetable Tuber, Molecules: 93"
yautia,ingredient,0.0,1.0,1.0,1.0,1.0,"Category: Plant, Molecules: 93"
yellowfin tuna,ingredient,0.0,1.0,0.0,1.0,1.0,"Category: Fish, Molecules: 3"
yellowtail amberjack,ingredient,0.0,0.0,0.0,0.0,1.0,"Category: Fish, Molecules: 2"
pollock,ingredient,0.0,1.0,0.0,1.0,1.0,"Category: Fish, Molecules: 3"
albacore tuna,ingredient,0.0,0.0,0.0,0.0,1.0,"Category: Fish, Molecules: 2"
atlantic halibut,ingredient,0.0,1.0,0.0,1.0,1.0,"Category: Fish, Molecules: 3"
smelt,ingredient,0.0,1.0,0.0,1.0,1.0,"Category: Fish, Molecules: 2"
clupeinae,ingredient,0.0,1.0,0.0,1.0,1.0,"Category: Fish, Molecules: 4"
spiny lobster,ingredient,0.0,0.0,0.0,0.0,1.0,"Category: Seafood, Molecules: 2"
black-eyed pea,ingredient,0.0,1.0,1.0,1.0,1.0,"Category: Legume, Molecules: 94"
deer,ingredient,0.0,1.0,0.0,1.0,1.0,"Category: Meat, Molecules: 4"
percoidei,ingredient,0.0,0.0,0.0,0.0,1.0,"Category: Fish, Molecules: 2"
perciformes,ingredient,0.0,1.0,0.0,1.0,1.0,"Category: Fish, Molecules: 4"
rabbit,ingredient,0.0,1.0,0.0,1.0,1.0,"Category: Meat, Molecules: 5"
beefalo,ingredient,0.0,0.0,0.0,0.0,1.0,"Category: Meat, Molecules: 2"
bivalvia,ingredient,0.0,1.0,0.0,1.0,1.0,"Category: Seafood, Molecules: 3"
flatfish,ingredient,0.0,1.0,0.0,1.0,1.0,"Category: Fish, Molecules: 4"
walrus,ingredient,0.0,0.0,0.0,0.0,1.0,"Category: Seafood, Molecules: 1"
alaska wild rhubarb,ingredient,0.0,1.0,1.0,1.0,1.0,"Category: Plant, Molecules: 93"
oriental wheat,ingredient,0.0,1.0,1.0,1.0,1.0,"Category: Cereal, Molecules: 94"
yardlong bean,ingredient,0.0,1.0,1.0,1.0,1.0,"Category: Legume, Molecules: 93"
great horned owl,ingredient,0.0,1.0,1.0,1.0,1.0,"Category: Meat, Molecules: 92"
quail,ingredient,0.0,0.0,0.0,0.0,1.0,"Category: Meat, Molecules: 3"
boysenberry,ingredient,0.0,1.0,1.0,1.0,1.0,"Category: Berry, Molecules: 93"
rowal,ingredient,0.0,1.0,1.0,1.0,1.0,"Category: Plant, Molecules: 92"
jew's ear,ingredient,0.0,1.0,1.0,1.0,1.0,"Category: Fungus, Molecules: 93"
shiitake,ingredient,0.0,1.0,1.0,1.0,1.0,"Category: Fungus, Molecules: 101"
purple laver,ingredient,0.0,1.0,1.0,1.0,1.0,"Category: Seafood, Molecules: 93"
wakame,ingredient,0.8,1.0,1.0,1.0,1.0,"Category: Seafood, Molecules: 94"
enokitake,ingredient,0.0,1.0,1.0,1.0,1.0,"Category: Fungus, Molecules: 94"
epazote,ingredient,0.0,1.0,1.0,1.0,1.0,"Category: Herb, Molecules: 93"
oyster mushroom,ingredient,0.0,1.0,1.0,1.0,1.0,"Category: Fungus, Molecules: 94"
cloud ear fungus,ingredient,0.0,1.0,1.0,1.0,1.0,"Category: Fungus, Molecules: 93"
maitake,ingredient,0.0,1.0,1.0,1.0,1.0,"Category: Fungus, Molecules: 94"
ostrich fern,ingredient,0.0,1.0,1.0,1.0,1.0,"Category: Plant, Molecules: 93"
spot croaker,ingredient,0.0,0.0,0.0,0.0,1.0,"Category: Fish, Molecules: 2"
sourdock,ingredient,0.0,1.0,1.0,1.0,1.0,"Category: Herb, Molecules: 93"
tinda,ingredient,0.0,1.0,1.0,1.0,1.0,"Category: Gourd, Molecules: 93"
atlantic menhaden,ingredient,0.0,0.0,0.0,0.0,1.0,"Category: Fish, Molecules: 2"
agave,ingredient,0.0,1.0,1.0,1.0,1.0,"Category: Plant, Molecules: 93"
narrowleaf cattail,ingredient,0.0,1.0,1.0,1.0,1.0,"Category: Herb, Molecules: 93"
jellyfish,ingredient,0.0,0.0,0.0,0.0,1.0,"Category: Seafood, Molecules: 2"
anchovy,ingredient,0.0,1.0,0.0,1.0,1.0,"Category: Fish, Molecules: 3"
blue whiting,ingredient,0.0,1.0,0.0,1.0,1.0,"Category: Fish, Molecules: 3"
carp bream,ingredient,0.0,1.0,0.0,1.0,1.0,"Category: Fish, Molecules: 3"
chanterelle,ingredient,0.0,1.0,1.0,1.0,1.0,"Category: Fungus, Molecules: 95"
sturgeon,ingredient,0.0,1.0,0.0,1.0,1.0,"Category: Fish, Molecules: 3"
charr,ingredient,0.0,1.0,0.0,1.0,1.0,"Category: Fish, Molecules: 3"
common dab,ingredient,0.0,1.0,0.0,1.0,1.0,"Category: Fish, Molecules: 3"
spiny dogfish,ingredient,0.0,1.0,0.0,1.0,1.0,"Category: Fish, Molecules: 3"
anatidae,ingredient,0.0,1.0,0.0,1.0,1.0,"Category: Meat, Molecules: 3"
anguilliformes,ingredient,0.0,1.0,0.0,1.0,1.0,"Category: Fish, Molecules: 3"
true frog,ingredient,0.0,1.0,0.0,1.0,1.0,"Category: Meat, Molecules: 4"
garfish,ingredient,0.0,1.0,0.0,1.0,1.0,"Category: Fish, Molecules: 3"
gadiformes,ingredient,0.0,1.0,0.0,1.0,1.0,"Category: Fish, Molecules: 3"
mountain hare,ingredient,0.0,1.0,0.0,1.0,1.0,"Category: Meat, Molecules: 3"
lake trout,ingredient,0.0,1.0,0.0,1.0,1.0,"Category: Fish, Molecules: 3"
lemon sole,ingredient,0.0,1.0,0.0,1.0,1.0,"Category: Fish, Molecules: 3"
lumpsucker,ingredient,0.0,1.0,0.0,1.0,1.0,"Category: Fish, Molecules: 3"
scombridae,ingredient,0.0,1.0,0.0,1.0,1.0,"Category: Fish, Molecules: 3"
norway haddock,ingredient,0.0,1.0,0.0,1.0,1.0,"Category: Fish, Molecules: 3"
norway pout,ingredient,0.0,1.0,0.0,1.0,1.0,"Category: Fish, Molecules: 3"
oil palm,ingredient,0.0,1.0,1.0,1.0,1.0,"Category: Plant, Molecules: 95"
sago palm,ingredient,0.0,1.0,1.0,1.0,1.0,"Category: Plant, Molecules: 92"
persimmon,ingredient,0.0,1.0,1.0,1.0,1.0,"Category: Fruit, Molecules: 94"
pikeperch,ingredient,0.0,1.0,0.0,1.0,1.0,"Category: Fish, Molecules: 3"
pleuronectidae,ingredient,0.0,1.0,0.0,1.0,1.0,"Category: Fish, Molecules: 3"
rock ptarmigan,ingredient,0.0,1.0,0.0,1.0,1.0,"Category: Meat, Molecules: 3"
pacific ocean perch,ingredient,0.0,1.0,0.0,1.0,1.0,"Category: Fish, Molecules: 3"
black salsify,ingredient,0.0,1.0,1.0,1.0,1.0,"Category: Plant, Molecules: 94"
true seal,ingredient,0.0,0.0,0.0,1.0,1.0,"Category: Seafood, Molecules: 2"
red algae,ingredient,0.0,1.0,1.0,1.0,1.0,"Category: Seafood, Molecules: 94"
kombu,ingredient,0.0,1.0,1.0,1.0,1.0,"Category: Seafood, Molecules: 94"
snail,ingredient,0.0,1.0,0.0,1.0,1.0,"Category: Meat, Molecules: 4"
true sole,ingredient,0.0,1.0,0.0,1.0,1.0,"Category: Fish, Molecules: 3"
catfish,ingredient,0.0,1.0,0.0,1.0,1.0,"Category: Fish, Molecules: 4"
thistle,ingredient,0.0,1.0,1.0,1.0,1.0,"Category: Plant, Molecules: 94"
common tuna,ingredient,0.0,1.0,0.0,1.0,1.0,"Category: Fish, Molecules: 5"
cetacea,ingredient,0.0,1.0,0.0,1.0,1.0,"Category: Fish, Molecules: 3"
columbidae,ingredient,0.0,0.0,0.0,0.0,1.0,"Category: Meat, Molecules: 3"
conch,ingredient,0.0,1.0,1.0,1.0,1.0,"Category: Fish, Molecules: 93"
berry wine,ingredient,0.0,0.0,0.0,0.0,1.0,"Category: Beverage Alcoholic, Molecules: 4"
vodka,ingredient,0.0,1.0,0.0,1.0,1.0,"Category: Beverage Alcoholic, Molecules: 4"
ice cream,ingredient,0.0,1.0,0.0,1.0,1.0,"Category: Dish, Molecules: 5"
vermouth,ingredient,0.0,1.0,0.0,1.0,1.0,"Category: Beverage Alcoholic, Molecules: 3"
madeira wine,ingredient,0.0,0.0,0.0,1.0,1.0,"Category: Beverage Alcoholic, Molecules: 2"
nougat,ingredient,0.0,1.0,0.0,1.0,1.0,"Category: Dish, Molecules: 4"
toffee,ingredient,0.0,1.0,0.0,1.0,1.0,"Category: Dish, Molecules: 3"
cake,ingredient,0.0,1.0,0.0,1.0,1.0,"Category: Dish, Molecules: 4"
pizza,ingredient,0.0,1.0,0.0,1.0,1.0,"Category: Dish, Molecules: 5"
ymer,ingredient,0.0,1.0,0.0,1.0,1.0,"Category: Dairy, Molecules: 3"
other snack food,ingredient,0.0,1.0,0.0,1.0,1.0,"Category: Dish, Molecules: 5"
pastry,ingredient,0.0,1.0,0.0,1.0,1.0,"Category: Dish, Molecules: 5"
drage,ingredient,0.0,0.0,0.0,1.0,1.0,"Category: Dish, Molecules: 2"
chewing gum,ingredient,0.0,0.0,0.0,1.0,1.0,"Category: Dish, Molecules: 3"
marzipan,ingredient,0.0,1.0,0.0,1.0,1.0,"Category: Dish, Molecules: 3"
salad dressing,ingredient,0.0,1.0,0.0,1.0,1.0,"Category: Dish, Molecules: 5"
sauce,ingredient,0.0,1.0,0.0,1.0,1.0,"Category: Additive, Molecules: 5"
salt,ingredient,0.0,1.0,0.0,1.0,1.0,"Category: Additive, Molecules: 4"
cream,ingredient,0.0,1.0,0.0,1.0,1.0,"Category: Dairy, Molecules: 5"
sugar,ingredient,0.0,1.0,0.0,1.0,1.0,"Category: Additive, Molecules: 5"
sausage,ingredient,0.0,1.0,0.0,1.0,1.0,"Category: Dish, Molecules: 5"
meatball,ingredient,0.0,1.0,0.0,1.0,1.0,"Category: Dish, Molecules: 3"
pate,ingredient,0.0,1.0,0.0,1.0,1.0,"Category: Dish, Molecules: 5"
sugar substitute,ingredient,0.0,1.0,0.0,1.0,1.0,"Category: Additive, Molecules: 4"
meat bouillon,ingredient,0.0,1.0,0.0,1.0,1.0,"Category: Dish, Molecules: 3"
other meat product,ingredient,0.0,1.0,0.0,1.0,1.0,"Category: Meat, Molecules: 4"
whey,ingredient,0.0,1.0,0.0,1.0,1.0,"Category: Dairy, Molecules: 4"
casein,ingredient,0.0,1.0,0.0,1.0,1.0,"Category: Additive, Molecules: 3"
fruit preserve,ingredient,0.0,1.0,0.0,1.0,1.0,"Category: Additive, Molecules: 4"
leavening agent,ingredient,0.0,1.0,0.0,1.0,1.0,"Category: Additive, Molecules: 5"
marshmallow,ingredient,0.0,0.0,0.0,1.0,1.0,"Category: Bakery, Molecules: 3"
gelatin,ingredient,0.0,1.0,0.0,1.0,1.0,"Category: Additive, Molecules: 3"
water,ingredient,0.0,1.0,0.0,1.0,1.0,"Category: Additive, Molecules: 4"
other fish product,ingredient,0.0,1.0,0.0,1.0,1.0,"Category: Fish, Molecules: 5"
milk human,ingredient,0.0,1.0,0.0,1.0,1.0,"Category: Dairy, Molecules: 4"
dumpling,ingredient,0.0,0.0,0.0,1.0,1.0,"Category: Dish, Molecules: 2"
soup,ingredient,0.0,1.0,0.0,1.0,1.0,"Category: Dish, Molecules: 5"
syrup,ingredient,0.0,1.0,0.0,1.0,1.0,"Category: Additive, Molecules: 4"
remoulade,ingredient,0.0,1.0,0.0,1.0,1.0,"Category: Dish, Molecules: 3"
chocolate spread,ingredient,0.0,1.0,0.0,1.0,1.0,"Category: Plant Derivative, Molecules: 4"
fruit gum,ingredient,0.0,1.0,0.0,1.0,1.0,"Category: Dish, Molecules: 3"
meringue,ingredient,0.0,1.0,0.0,1.0,1.0,"Category: Bakery, Molecules: 3"
cocoa butter,ingredient,0.0,1.0,0.0,1.0,1.0,"Category: Plant Derivative, Molecules: 4"
cocoa powder,ingredient,0.0,1.0,1.0,1.0,1.0,"Category: Plant Derivative, Molecules: 11"
chocolate,ingredient,0.0,1.0,0.0,1.0,1.0,"Category: Plant Derivative, Molecules: 13"
hot chocolate,ingredient,0.0,1.0,0.0,1.0,1.0,"Category: Beverage, Molecules: 15"
kefir,ingredient,0.0,1.0,0.0,1.0,1.0,"Category: Dairy, Molecules: 3"
other fermented milk,ingredient,0.0,1.0,0.0,1.0,1.0,"Category: Dairy, Molecules: 3"
miso,ingredient,0.0,1.0,0.0,1.0,1.0,"Category: Additive, Molecules: 8"
tofu,ingredient,0.0,1.0,0.0,1.0,1.0,"Category: Plant Derivative, Molecules: 9"
zwieback,ingredient,0.0,1.0,0.0,1.0,1.0,"Category: Dish, Molecules: 3"
roe,ingredient,0.0,0.0,0.0,0.0,1.0,"Category: Fish, Molecules: 2"
cichlidae,ingredient,0.0,1.0,0.0,1.0,1.0,"Category: Fish, Molecules: 4"
icing,ingredient,0.0,1.0,0.0,1.0,1.0,"Category: Additive, Molecules: 4"
snack bar,ingredient,0.0,1.0,0.0,1.0,1.0,"Category: Dish, Molecules: 4"
green turtle,ingredient,0.0,0.0,0.0,0.0,1.0,"Category: Meat, Molecules: 2"
energy drink,ingredient,0.0,0.0,0.0,0.0,1.0,"Category: Beverage, Molecules: 3"
burrito,ingredient,0.0,1.0,0.0,1.0,1.0,"Category: Dish, Molecules: 4"
hamburger,ingredient,0.0,1.0,0.0,1.0,1.0,"Category: Dish, Molecules: 4"
chili,ingredient,0.0,1.0,0.0,1.0,1.0,"Category: Dish, Molecules: 3"
taco,ingredient,0.0,1.0,0.0,1.0,1.0,"Category: Dish, Molecules: 4"
tortilla,ingredient,0.0,1.0,0.0,1.0,1.0,"Category: Dish, Molecules: 4"
nachos,ingredient,0.0,1.0,0.0,1.0,1.0,"Category: Dish, Molecules: 4"
salad,ingredient,0.0,1.0,0.0,1.0,1.0,"Category: Dish, Molecules: 3"
dulce de leche,ingredient,0.0,1.0,0.0,1.0,1.0,"Category: Dairy, Molecules: 3"
topping,ingredient,0.0,1.0,0.0,1.0,1.0,"Category: Additive, Molecules: 4"
sweet custard,ingredient,0.0,1.0,0.0,1.0,1.0,"Category: Dairy, Molecules: 4"
egg roll,ingredient,0.0,1.0,0.0,1.0,1.0,"Category: Dish, Molecules: 4"
heart of palm,ingredient,0.0,0.0,0.0,0.0,1.0,"Category: Vegetable, Molecules: 2"
potato chip,ingredient,0.0,1.0,0.0,1.0,1.0,"Category: Bakery, Molecules: 4"
tortilla chip,ingredient,0.0,1.0,0.0,1.0,1.0,"Category: Bakery, Molecules: 4"
corn chip,ingredient,0.0,1.0,0.0,1.0,1.0,"Category: Bakery, Molecules: 4"
hibiscus tea,ingredient,0.0,0.0,0.0,0.0,1.0,"Category: Beverage, Molecules: 2"
stew,ingredient,0.0,1.0,0.0,1.0,1.0,"Category: Dish, Molecules: 4"
gelatin dessert,ingredient,0.0,1.0,0.0,1.0,1.0,"Category: Additive, Molecules: 5"
junket,ingredient,0.0,0.0,0.0,0.0,1.0,"Category: Dairy, Molecules: 2"
falafel,ingredient,0.0,0.0,0.0,0.0,1.0,"Category: Dish, Molecules: 2"
frybread,ingredient,0.0,1.0,0.0,1.0,1.0,"Category: Dish, Molecules: 2"
other frozen dessert,ingredient,0.0,1.0,0.0,1.0,1.0,"Category: Dish, Molecules: 4"
lasagna,ingredient,0.0,1.0,0.0,1.0,1.0,"Category: Dish, Molecules: 4"
morchella,ingredient,0.0,1.0,0.0,1.0,1.0,"Category: Fungus, Molecules: 2"
pancake,ingredient,0.0,1.0,0.0,1.0,1.0,"Category: Dish, Molecules: 4"
pectin,ingredient,0.0,0.0,0.0,0.0,1.0,"Category: Additive, Molecules: 2"
pudding,ingredient,0.0,1.0,0.0,1.0,1.0,"Category: Dish, Molecules: 4"
waffle,ingredient,0.0,1.0,0.0,1.0,1.0,"Category: Dish, Molecules: 3"
soy milk,ingredient,0.0,1.0,0.0,1.0,1.0,"Category: Beverage, Molecules: 9"
meatloaf,ingredient,0.0,1.0,0.0,1.0,1.0,"Category: Dish, Molecules: 4"
cocktail,ingredient,0.0,0.0,0.0,0.0,1.0,"Category: Beverage, Molecules: 2"
couscous,ingredient,0.0,0.0,0.0,0.0,1.0,"Category: Dish, Molecules: 2"
bulgur,ingredient,0.0,0.0,0.0,0.0,1.0,"Category: Cereal, Molecules: 3"
coffee mocha,ingredient,0.0,0.0,0.0,0.0,1.0,"Category: Beverage Caffeinated, Molecules: 2"
chimichanga,ingredient,0.0,0.0,0.0,0.0,1.0,"Category: Dish, Molecules: 2"
semolina,ingredient,0.0,1.0,0.0,1.0,1.0,"Category: Cereal, Molecules: 5"
tapioca pearl,ingredient,0.0,0.0,0.0,0.0,1.0,"Category: Vegetable Tuber, Molecules: 2"
tostada,ingredient,0.0,0.0,0.0,0.0,1.0,"Category: Dish, Molecules: 2"
quesadilla,ingredient,0.0,1.0,0.0,1.0,1.0,"Category: Dish, Molecules: 3"
baked potato,ingredient,0.0,0.0,0.0,0.0,1.0,"Category: Dish, Molecules: 2"
hot dog,ingredient,0.0,0.0,0.0,0.0,1.0,"Category: Dish, Molecules: 2"
spread,ingredient,0.0,0.0,0.0,0.0,1.0,"Category: Additive, Molecules: 3"
enchilada,ingredient,0.0,0.0,0.0,0.0,1.0,"Category: Dish, Molecules: 2"
nutritional drink,ingredient,0.0,1.0,0.0,1.0,1.0,"Category: Beverage, Molecules: 3"
other sandwich,ingredient,0.0,1.0,0.0,1.0,1.0,"Category: Dish, Molecules: 4"
ketchup,ingredient,0.0,1.0,0.0,1.0,1.0,"Category: Additive, Molecules: 5"
breakfast sandwich,ingredient,0.0,1.0,0.0,1.0,1.0,"Category: Dish, Molecules: 4"
adobo,ingredient,0.0,0.0,0.0,0.0,1.0,"Category: Dish, Molecules: 2"
macaroni and cheese,ingredient,0.0,1.0,0.0,1.0,1.0,"Category: Dish, Molecules: 4"
horned melon,ingredient,0.0,1.0,1.0,1.0,1.0,"Category: Fruit, Molecules: 93"
hushpuppy,ingredient,0.0,1.0,0.0,1.0,1.0,"Category: Dish, Molecules: 3"
fruit juice,ingredient,0.0,1.0,0.0,1.0,1.0,"Category: Beverage, Molecules: 5"
relish,ingredient,0.0,0.0,0.0,0.0,1.0,"Category: Dish, Molecules: 3"
fruit salad,ingredient,0.0,0.0,0.0,0.0,1.0,"Category: Dish, Molecules: 2"
soy yogurt,ingredient,0.0,0.0,0.0,0.0,1.0,"Category: Plant Derivative, Molecules: 6"
vegetarian food,ingredient,0.0,1.0,0.0,1.0,1.0,"Category: Dish, Molecules: 4"
cold cut,ingredient,0.0,1.0,0.0,1.0,1.0,"Category: Dish, Molecules: 4"
mixed nuts,ingredient,0.0,1.0,1.0,1.0,1.0,"Category: Nut, Molecules: 94"
babassu palm,ingredient,0.0,1.0,1.0,1.0,1.0,"Category: Plant, Molecules: 93"
cupuau,ingredient,0.0,1.0,1.0,1.0,1.0,"Category: Fruit, Molecules: 95"
shea tree,ingredient,0.0,1.0,1.0,1.0,1.0,"Category: Plant, Molecules: 93"
oil-seed camellia,ingredient,0.0,1.0,1.0,1.0,1.0,"Category: Plant, Molecules: 93"
ucuhuba,ingredient,0.0,1.0,1.0,1.0,1.0,"Category: Plant, Molecules: 94"
phyllo dough,ingredient,0.0,0.0,0.0,0.0,1.0,"Category: Bakery, Molecules: 2"
cooking oil,ingredient,0.0,1.0,0.0,1.0,1.0,"Category: Additive, Molecules: 4"
pie crust,ingredient,0.0,1.0,0.0,1.0,1.0,"Category: Bakery, Molecules: 4"
pie,ingredient,0.0,1.0,0.0,1.0,1.0,"Category: Dish, Molecules: 4"
shortening,ingredient,0.0,1.0,0.0,1.0,1.0,"Category: Additive, Molecules: 3"
soy cream,ingredient,0.0,0.0,0.0,0.0,0.0,"Category: Dish, Molecules: 1"
ice cream cone,ingredient,0.0,1.0,0.0,1.0,1.0,"Category: Dish, Molecules: 3"
molasses,ingredient,0.0,0.0,0.0,0.0,1.0,"Category: Additive, Molecules: 2"
nance,ingredient,0.0,1.0,1.0,1.0,1.0,"Category: Fruit, Molecules: 93"
natto,ingredient,0.0,0.0,0.0,0.0,1.0,"Category: Dish, Molecules: 2"
ravioli,ingredient,0.0,1.0,0.0,1.0,1.0,"Category: Dish, Molecules: 3"
scrapple,ingredient,0.0,0.0,0.0,0.0,1.0,"Category: Dish, Molecules: 3"
other pasta dish,ingredient,0.0,1.0,0.0,1.0,1.0,"Category: Dish, Molecules: 4"
succotash,ingredient,0.0,0.0,0.0,0.0,1.0,"Category: Dish, Molecules: 2"
tamale,ingredient,0.0,1.0,0.0,1.0,1.0,"Category: Dish, Molecules: 4"
rice cake,ingredient,0.0,0.0,0.0,0.0,1.0,"Category: Dish, Molecules: 2"
tree fern,ingredient,0.0,1.0,1.0,1.0,1.0,"Category: Plant, Molecules: 93"
evaporated milk,ingredient,0.0,0.0,0.0,0.0,1.0,"Category: Dairy, Molecules: 2"
flour,ingredient,0.0,1.0,0.0,1.0,1.0,"Category: Cereal, Molecules: 3"
akutaq,ingredient,0.0,0.0,0.0,0.0,1.0,"Category: Dish, Molecules: 2"
pita bread,ingredient,0.0,0.0,0.0,0.0,1.0,"Category: Bakery, Molecules: 2"
focaccia,ingredient,0.0,1.0,0.0,1.0,1.0,"Category: Bakery, Molecules: 4"
bagel,ingredient,0.0,1.0,0.0,1.0,1.0,"Category: Bakery, Molecules: 4"
other bread product,ingredient,0.0,1.0,0.0,1.0,1.0,"Category: Bakery, Molecules: 4"
piki bread,ingredient,0.0,1.0,0.0,1.0,1.0,"Category: Bakery, Molecules: 2"
french toast,ingredient,0.0,1.0,0.0,1.0,1.0,"Category: Bakery, Molecules: 4"
oat bread,ingredient,0.0,0.0,0.0,0.0,1.0,"Category: Bakery, Molecules: 2"
potato bread,ingredient,0.0,1.0,0.0,1.0,1.0,"Category: Bakery, Molecules: 3"
cornbread,ingredient,0.0,0.0,0.0,0.0,1.0,"Category: Maize, Molecules: 2"
corn grits,ingredient,0.0,1.0,0.0,1.0,1.0,"Category: Maize, Molecules: 4"
multigrain bread,ingredient,0.0,1.0,0.0,1.0,1.0,"Category: Bakery, Molecules: 3"
rice bread,ingredient,0.0,0.0,0.0,0.0,1.0,"Category: Bakery, Molecules: 2"
pan dulce,ingredient,0.0,1.0,0.0,1.0,1.0,"Category: Bakery, Molecules: 3"
raisin bread,ingredient,0.0,0.0,0.0,0.0,1.0,"Category: Bakery, Molecules: 2"
wonton wrapper,ingredient,0.0,0.0,0.0,0.0,1.0,"Category: Bakery, Molecules: 2"
trail mix,ingredient,0.0,0.0,0.0,0.0,1.0,"Category: Dish, Molecules: 2"
greenthread tea,ingredient,0.0,1.0,1.0,1.0,1.0,"Category: Beverage, Molecules: 92"
vegetable juice,ingredient,0.0,1.0,0.0,1.0,1.0,"Category: Beverage, Molecules: 4"
horchata,ingredient,0.0,1.0,0.0,1.0,1.0,"Category: Beverage, Molecules: 3"
soft drink,ingredient,0.0,1.0,0.0,1.0,1.0,"Category: Beverage, Molecules: 5"
milkshake,ingredient,0.0,1.0,0.0,1.0,1.0,"Category: Beverage, Molecules: 4"
chocolate mousse,ingredient,0.0,1.0,0.0,1.0,1.0,"Category: Bakery, Molecules: 3"
pupusa,ingredient,0.0,1.0,0.0,1.0,1.0,"Category: Dish, Molecules: 3"
empanada,ingredient,0.0,1.0,0.0,1.0,1.0,"Category: Dish, Molecules: 2"
arepa,ingredient,0.0,1.0,0.0,1.0,1.0,"Category: Dish, Molecules: 3"
ascidians,ingredient,0.0,0.0,0.0,0.0,1.0,"Category: Seafood, Molecules: 2"
gefilte fish,ingredient,0.0,0.0,0.0,0.0,1.0,"Category: Dish, Molecules: 2"
yellow pond lily,ingredient,0.0,1.0,1.0,1.0,1.0,"Category: Plant, Molecules: 94"
fish burger,ingredient,0.0,0.0,0.0,0.0,1.0,"Category: Dish, Molecules: 2"
other dish,ingredient,0.0,1.0,0.0,1.0,1.0,"Category: Dish, Molecules: 5"
pot pie,ingredient,0.0,1.0,0.0,1.0,1.0,"Category: Dish, Molecules: 4"
stuffing,ingredient,0.0,1.0,0.0,1.0,1.0,"Category: Additive, Molecules: 4"
fudge,ingredient,0.0,1.0,0.0,1.0,1.0,"Category: Bakery, Molecules: 3"
candy bar,ingredient,0.0,1.0,0.0,1.0,1.0,"Category: Bakery, Molecules: 4"
condensed milk,ingredient,0.0,0.0,0.0,0.0,1.0,"Category: Dairy, Molecules: 2"
margarine,ingredient,0.0,1.0,0.0,1.0,1.0,"Category: Additive, Molecules: 4"
margarine like spread,ingredient,0.0,1.0,0.0,1.0,1.0,"Category: Additive, Molecules: 5"
hummus,ingredient,0.0,1.0,0.0,1.0,1.0,"Category: Dish, Molecules: 3"
potato puffs,ingredient,0.0,1.0,0.0,1.0,1.0,"Category: Dish, Molecules: 4"
potato gratin,ingredient,0.0,0.0,0.0,0.0,1.0,"Category: Dish, Molecules: 2"
chinese bayberry,ingredient,0.0,1.0,1.0,1.0,1.0,"Category: Berry, Molecules: 92"
green zucchini,ingredient,0.0,1.0,1.0,1.0,1.0,"Category: Vegetable, Molecules: 107"
yellow zucchini,ingredient,0.0,1.0,1.0,1.0,1.0,"Category: Vegetable, Molecules: 103"
saskatoon berry,ingredient,0.0,1.0,1.0,1.0,1.0,"Category: Berry, Molecules: 94"
nanking cherry,ingredient,0.0,1.0,1.0,1.0,1.0,"Category: Berry, Molecules: 94"
japanese pumpkin,ingredient,0.0,1.0,1.0,1.0,1.0,"Category: Fruit, Molecules: 100"
guinea hen,ingredient,0.0,0.0,0.0,0.0,1.0,"Category: Meat, Molecules: 2"
cucurbita,ingredient,0.0,1.0,1.0,1.0,1.0,"Category: Gourd, Molecules: 102"
